seqid	bp	p_val	calibrated.pvalue	p.bonf	start	end	strand	gene_id	description	dist_to_start	dist_to_end	in_gene	in_window	position	distance
Chr1	21374778	1.3923443508667909e-5	1.6256820700673464e-7	1	21374584	21377609	+	Sdiv_ptg000014l_2044-R	Similar to At1g32780: Alcohol dehydrogenase-like 3 (Arabidopsis thaliana)	194	-2831	TRUE	TRUE	in_gene	0
Chr1	21374778	1.3923443508667909e-5	1.6256820700673464e-7	1	21370363	21372657	+	Sdiv_ptg000014l_2043-R	Similar to CID11: Polyadenylate-binding protein-interacting protein 11 (Arabidopsis thaliana)	4415	2121	FALSE	TRUE	downstream	2121
Chr1	21374778	1.3923443508667909e-5	1.6256820700673464e-7	1	21381273	21383030	+	Sdiv_ptg000014l_2045-R	Similar to NAC012: NAC domain-containing protein 12 (Arabidopsis thaliana)	-6495	-8252	FALSE	TRUE	upstream	6495
Chr1	21374778	1.3923443508667909e-5	1.6256820700673464e-7	1	21362141	21366709	-	Sdiv_ptg000014l_2042-R	Similar to At1g33420: PHD finger protein At1g33420 (Arabidopsis thaliana)	12637	8069	FALSE	TRUE	downstream	8069
Chr1	21374778	1.3923443508667909e-5	1.6256820700673464e-7	1	21354984	21359971	-	Sdiv_ptg000014l_2041-R	Similar to UBP11: Putative ubiquitin carboxyl-terminal hydrolase 11 (Arabidopsis thaliana)	19794	14807	FALSE	TRUE	downstream	14807
Chr1	21374778	1.3923443508667909e-5	1.6256820700673464e-7	1	21392195	21393130	-	Sdiv_ptg000014l_2046-R	Similar to At5g39865: Uncharacterized protein At5g39865 (Arabidopsis thaliana)	-17417	-18352	FALSE	TRUE	upstream	17417
Chr1	21374778	1.3923443508667909e-5	1.6256820700673464e-7	1	21352717	21354942	+	Sdiv_ptg000014l_2040-R	Similar to At1g32860: Glucan endo-1%2C3-beta-glucosidase 11 (Arabidopsis thaliana)	22061	19836	FALSE	TRUE	downstream	19836
Chr1	21374778	1.3923443508667909e-5	1.6256820700673464e-7	1	21395096	21395311	-	Sdiv_ptg000014l_2047-R	Protein of unknown function	-20318	-20533	FALSE	TRUE	upstream	20318
Chr1	21374778	1.3923443508667909e-5	1.6256820700673464e-7	1	21396750	21407192	+	Sdiv_ptg000014l_2048-R	Similar to TAF1: Transcription initiation factor TFIID subunit 1 (Arabidopsis thaliana)	-21972	-32414	FALSE	TRUE	upstream	21972
Chr1	21374778	1.3923443508667909e-5	1.6256820700673464e-7	1	21347521	21351759	+	Sdiv_ptg000014l_2039-R	Similar to GBSS1: Granule-bound starch synthase 1%2C chloroplastic/amyloplastic (Arabidopsis thaliana)	27257	23019	FALSE	TRUE	downstream	23019
Chr1	21374778	1.3923443508667909e-5	1.6256820700673464e-7	1	21407217	21409012	+	Sdiv_ptg000014l_2049-R	Similar to HO2: Probable inactive heme oxygenase 2%2C chloroplastic (Arabidopsis thaliana)	-32439	-34234	FALSE	TRUE	upstream	32439
Chr1	21374778	1.3923443508667909e-5	1.6256820700673464e-7	1	21413737	21415970	-	Sdiv_ptg000014l_2050-R	Protein of unknown function	-38959	-41192	FALSE	TRUE	upstream	38959
Chr1	21374778	1.3923443508667909e-5	1.6256820700673464e-7	1	21421461	21423802	-	Sdiv_ptg000014l_2051-R	Similar to RITF1: Protein RGF1 INDUCIBLE TRANSCRIPTION FACTOR 1 (Arabidopsis thaliana)	-46683	-49024	FALSE	TRUE	upstream	46683
Chr1	21374778	1.3923443508667909e-5	1.6256820700673464e-7	1	21324504	21324740	-	Sdiv_ptg000014l_2038-R	Protein of unknown function	50274	50038	FALSE	TRUE	downstream	50038
Chr1	21374778	1.3923443508667909e-5	1.6256820700673464e-7	1	21314710	21315000	+	Sdiv_ptg000014l_2037-R	Protein of unknown function	60068	59778	FALSE	TRUE	downstream	59778
Chr1	21374778	1.3923443508667909e-5	1.6256820700673464e-7	1	21311648	21314546	+	Sdiv_ptg000014l_2036-R	Similar to GALT31A: Beta-1%2C6-galactosyltransferase GALT31A (Arabidopsis thaliana)	63130	60232	FALSE	TRUE	downstream	60232
Chr1	21374778	1.3923443508667909e-5	1.6256820700673464e-7	1	21445365	21445976	+	Sdiv_ptg000014l_2052-R	Protein of unknown function	-70587	-71198	FALSE	TRUE	upstream	70587
Chr1	21374778	1.3923443508667909e-5	1.6256820700673464e-7	1	21294209	21295786	-	Sdiv_ptg000014l_2035-R	Similar to RPL11: 50S ribosomal protein L11%2C chloroplastic (Arabidopsis thaliana)	80569	78992	FALSE	TRUE	downstream	78992
Chr1	21374778	1.3923443508667909e-5	1.6256820700673464e-7	1	21292697	21294067	-	Sdiv_ptg000014l_2034-R	Protein of unknown function	82081	80711	FALSE	TRUE	downstream	80711
Chr1	21374778	1.3923443508667909e-5	1.6256820700673464e-7	1	21287451	21287603	+	Sdiv_ptg000014l_2033-R	Protein of unknown function	87327	87175	FALSE	TRUE	downstream	87175
Chr1	21374778	1.3923443508667909e-5	1.6256820700673464e-7	1	21465654	21466605	-	Sdiv_ptg000014l_2053-R	Protein of unknown function	-90876	-91827	FALSE	TRUE	upstream	90876
Chr1	21374778	1.3923443508667909e-5	1.6256820700673464e-7	1	21278685	21279765	-	Sdiv_ptg000014l_2032-R	Similar to At1g33040: Nascent polypeptide-associated complex subunit alpha-like protein 5 (Arabidopsis thaliana)	96093	95013	FALSE	TRUE	downstream	95013
Chr1	21374778	1.3923443508667909e-5	1.6256820700673464e-7	1	21278394	21279009	+	Sdiv_ptg000014l_2031-R	Protein of unknown function	96384	95769	FALSE	TRUE	downstream	95769
Chr1	21374778	1.3923443508667909e-5	1.6256820700673464e-7	1	21275545	21278286	+	Sdiv_ptg000014l_2030-R	Protein of unknown function	99233	96492	FALSE	TRUE	downstream	96492
Chr1	25725859	3.0506050556940188e-5	9.066281112216495e-7	1	25725723	25727476	+	Sdiv_ptg000014l_2761-R	Protein of unknown function	136	-1617	TRUE	TRUE	in_gene	0
Chr1	25725859	3.0506050556940188e-5	9.066281112216495e-7	1	25722728	25723166	-	Sdiv_ptg000014l_2760-R	Protein of unknown function	3131	2693	FALSE	TRUE	downstream	2693
Chr1	25725859	3.0506050556940188e-5	9.066281112216495e-7	1	25729406	25730533	-	Sdiv_ptg000014l_2762-R	Protein of unknown function	-3547	-4674	FALSE	TRUE	upstream	3547
Chr1	25725859	3.0506050556940188e-5	9.066281112216495e-7	1	25719436	25720571	-	Sdiv_ptg000014l_2759-R	Similar to IAA6: Auxin-responsive protein IAA6 (Arabidopsis thaliana)	6423	5288	FALSE	TRUE	downstream	5288
Chr1	25725859	3.0506050556940188e-5	9.066281112216495e-7	1	25716539	25717679	+	Sdiv_ptg000014l_2757-R	Similar to AOP1.2: Probable 2-oxoglutarate-dependent dioxygenase AOP1.2 (Arabidopsis thaliana)	9320	8180	FALSE	TRUE	downstream	8180
Chr1	25725859	3.0506050556940188e-5	9.066281112216495e-7	1	25717061	25717412	-	Sdiv_ptg000014l_2758-R	Protein of unknown function	8798	8447	FALSE	TRUE	downstream	8447
Chr1	25725859	3.0506050556940188e-5	9.066281112216495e-7	1	25734429	25735907	+	Sdiv_ptg000014l_2763-R	Similar to NAC019: NAC domain-containing protein 19 (Arabidopsis thaliana)	-8570	-10048	FALSE	TRUE	upstream	8570
Chr1	25725859	3.0506050556940188e-5	9.066281112216495e-7	1	25715807	25716391	-	Sdiv_ptg000014l_2756-R	Protein of unknown function	10052	9468	FALSE	TRUE	downstream	9468
Chr1	25725859	3.0506050556940188e-5	9.066281112216495e-7	1	25742885	25744207	+	Sdiv_ptg000014l_2764-R	Similar to NAC018: NAC domain-containing protein 18 (Arabidopsis thaliana)	-17026	-18348	FALSE	TRUE	upstream	17026
Chr1	25725859	3.0506050556940188e-5	9.066281112216495e-7	1	25705928	25707401	+	Sdiv_ptg000014l_2755-R	Protein of unknown function	19931	18458	FALSE	TRUE	downstream	18458
Chr1	25725859	3.0506050556940188e-5	9.066281112216495e-7	1	25701142	25702764	+	Sdiv_ptg000014l_2754-R	Similar to CPT1: Coleoptile phototropism protein 1 (Oryza sativa subsp. japonica)	24717	23095	FALSE	TRUE	downstream	23095
Chr1	25725859	3.0506050556940188e-5	9.066281112216495e-7	1	25751188	25755031	+	Sdiv_ptg000014l_2765-R	Similar to NUG2: Nuclear/nucleolar GTPase 2 (Arabidopsis thaliana)	-25329	-29172	FALSE	TRUE	upstream	25329
Chr1	25725859	3.0506050556940188e-5	9.066281112216495e-7	1	25698271	25699404	+	Sdiv_ptg000014l_2753-R	Similar to CSE: Caffeoylshikimate esterase (Arabidopsis thaliana)	27588	26455	FALSE	TRUE	downstream	26455
Chr1	25725859	3.0506050556940188e-5	9.066281112216495e-7	1	25755225	25755350	+	Sdiv_ptg000014l_2766-R	Protein of unknown function	-29366	-29491	FALSE	TRUE	upstream	29366
Chr1	25725859	3.0506050556940188e-5	9.066281112216495e-7	1	25693548	25696130	-	Sdiv_ptg000014l_2752-R	Similar to yugF: Uncharacterized hydrolase YugF (Bacillus subtilis (strain 168))	32311	29729	FALSE	TRUE	downstream	29729
Chr1	25725859	3.0506050556940188e-5	9.066281112216495e-7	1	25691962	25693164	+	Sdiv_ptg000014l_2751-R	Similar to At1g52740: Probable histone H2A variant 3 (Arabidopsis thaliana)	33897	32695	FALSE	TRUE	downstream	32695
Chr1	25725859	3.0506050556940188e-5	9.066281112216495e-7	1	25688922	25691876	+	Sdiv_ptg000014l_2750-R	Similar to strap: Serine-threonine kinase receptor-associated protein (Dictyostelium discoideum)	36937	33983	FALSE	TRUE	downstream	33983
Chr1	25725859	3.0506050556940188e-5	9.066281112216495e-7	1	25760712	25762990	-	Sdiv_ptg000014l_2767-R	Similar to KDSB: 3-deoxy-manno-octulosonate cytidylyltransferase%2C mitochondrial (Arabidopsis thaliana)	-34853	-37131	FALSE	TRUE	upstream	34853
Chr1	25725859	3.0506050556940188e-5	9.066281112216495e-7	1	25763724	25766273	-	Sdiv_ptg000014l_2768-R	Similar to UBC26: Probable ubiquitin-conjugating enzyme E2 26 (Arabidopsis thaliana)	-37865	-40414	FALSE	TRUE	upstream	37865
Chr1	25725859	3.0506050556940188e-5	9.066281112216495e-7	1	25687117	25687494	+	Sdiv_ptg000014l_2749-R	Protein of unknown function	38742	38365	FALSE	TRUE	downstream	38365
Chr1	25725859	3.0506050556940188e-5	9.066281112216495e-7	1	25767072	25768245	-	Sdiv_ptg000014l_2769-R	Similar to COX17-2: Cytochrome c oxidase copper chaperone 2 (Arabidopsis thaliana)	-41213	-42386	FALSE	TRUE	upstream	41213
Chr1	25725859	3.0506050556940188e-5	9.066281112216495e-7	1	25769594	25772570	-	Sdiv_ptg000014l_2770-R	Similar to MUCI70: Probable hexosyltransferase MUCI70 (Arabidopsis thaliana)	-43735	-46711	FALSE	TRUE	upstream	43735
Chr1	25725859	3.0506050556940188e-5	9.066281112216495e-7	1	25677626	25680028	-	Sdiv_ptg000014l_2748-R	Similar to LYPLA2: Acyl-protein thioesterase 2 (Homo sapiens)	48233	45831	FALSE	TRUE	downstream	45831
Chr1	25725859	3.0506050556940188e-5	9.066281112216495e-7	1	25774714	25778536	+	Sdiv_ptg000014l_2771-R	Similar to At1g09600: Probable serine/threonine-protein kinase At1g09600 (Arabidopsis thaliana)	-48855	-52677	FALSE	TRUE	upstream	48855
Chr1	25725859	3.0506050556940188e-5	9.066281112216495e-7	1	25675559	25676594	+	Sdiv_ptg000014l_2747-R	Similar to LEA7: Late embryogenesis abundant protein 7 (Arabidopsis thaliana)	50300	49265	FALSE	TRUE	downstream	49265
Chr1	25725859	3.0506050556940188e-5	9.066281112216495e-7	1	25674040	25674853	-	Sdiv_ptg000014l_2746-R	Protein of unknown function	51819	51006	FALSE	TRUE	downstream	51006
Chr1	25725859	3.0506050556940188e-5	9.066281112216495e-7	1	25670594	25673099	-	Sdiv_ptg000014l_2745-R	Similar to BCCP2: Biotin carboxyl carrier protein of acetyl-CoA carboxylase 2%2C chloroplastic (Arabidopsis thaliana)	55265	52760	FALSE	TRUE	downstream	52760
Chr1	25725859	3.0506050556940188e-5	9.066281112216495e-7	1	25782972	25786270	+	Sdiv_ptg000014l_2772-R	Similar to SPA4: Protein SPA1-RELATED 4 (Arabidopsis thaliana)	-57113	-60411	FALSE	TRUE	upstream	57113
Chr1	25725859	3.0506050556940188e-5	9.066281112216495e-7	1	25786046	25787375	-	Sdiv_ptg000014l_2773-R	Similar to GLCAT14A: Beta-glucuronosyltransferase GlcAT14A (Arabidopsis thaliana)	-60187	-61516	FALSE	TRUE	upstream	60187
Chr1	25725859	3.0506050556940188e-5	9.066281112216495e-7	1	25788738	25790666	+	Sdiv_ptg000014l_2774-R	Similar to PPI4: Proton pump-interactor 4 (Arabidopsis thaliana)	-62879	-64807	FALSE	TRUE	upstream	62879
Chr1	25725859	3.0506050556940188e-5	9.066281112216495e-7	1	25791254	25793461	+	Sdiv_ptg000014l_2775-R	Similar to ylmH: Putative RNA-binding protein YlmH (Bacillus subtilis (strain 168))	-65395	-67602	FALSE	TRUE	upstream	65395
Chr1	25725859	3.0506050556940188e-5	9.066281112216495e-7	1	25795610	25798996	+	Sdiv_ptg000014l_2776-R	Similar to DRP5A: Dynamin-related protein 5A (Arabidopsis thaliana)	-69751	-73137	FALSE	TRUE	upstream	69751
Chr1	25725859	3.0506050556940188e-5	9.066281112216495e-7	1	25800777	25803755	-	Sdiv_ptg000014l_2777-R	Protein of unknown function	-74918	-77896	FALSE	TRUE	upstream	74918
Chr1	25725859	3.0506050556940188e-5	9.066281112216495e-7	1	25801983	25802626	+	Sdiv_ptg000014l_2778-R	Similar to SPL5: Squamosa promoter-binding-like protein 5 (Arabidopsis thaliana)	-76124	-76767	FALSE	TRUE	upstream	76124
Chr1	25725859	3.0506050556940188e-5	9.066281112216495e-7	1	25807276	25813246	+	Sdiv_ptg000014l_2779-R	Similar to svkA: Serine/threonine-protein kinase svkA (Dictyostelium discoideum)	-81417	-87387	FALSE	TRUE	upstream	81417
Chr1	25725859	3.0506050556940188e-5	9.066281112216495e-7	1	25823916	25825133	+	Sdiv_ptg000014l_2780-R	Protein of unknown function	-98057	-99274	FALSE	TRUE	upstream	98057
Chr10	14539731	1.5946650413066385e-5	2.2101562741188676e-7	1	14538887	14542462	+	Sdiv_ptg000001l_0637-R	Similar to CPN60: Chaperonin CPN60%2C mitochondrial (Arabidopsis thaliana)	844	-2731	TRUE	TRUE	in_gene	0
Chr10	14539731	1.5946650413066385e-5	2.2101562741188676e-7	1	14551118	14553224	-	Sdiv_ptg000001l_0638-R	Similar to ING1: PHD finger protein ING1 (Arabidopsis thaliana)	-11387	-13493	FALSE	TRUE	upstream	11387
Chr10	14539731	1.5946650413066385e-5	2.2101562741188676e-7	1	14551340	14551813	+	Sdiv_ptg000001l_0639-R	Protein of unknown function	-11609	-12082	FALSE	TRUE	upstream	11609
Chr10	14539731	1.5946650413066385e-5	2.2101562741188676e-7	1	14521663	14527193	-	Sdiv_ptg000001l_0636-R	Similar to BLI: Protein BLISTER (Arabidopsis thaliana)	18068	12538	FALSE	TRUE	downstream	12538
Chr10	14539731	1.5946650413066385e-5	2.2101562741188676e-7	1	14554168	14555535	-	Sdiv_ptg000001l_0640-R	Similar to THIM: Hydroxyethylthiazole kinase (Arabidopsis thaliana)	-14437	-15804	FALSE	TRUE	upstream	14437
Chr10	14539731	1.5946650413066385e-5	2.2101562741188676e-7	1	14555608	14558548	-	Sdiv_ptg000001l_0641-R	Similar to GLCAT14A: Beta-glucuronosyltransferase GlcAT14A (Arabidopsis thaliana)	-15877	-18817	FALSE	TRUE	upstream	15877
Chr10	14539731	1.5946650413066385e-5	2.2101562741188676e-7	1	14520524	14520979	-	Sdiv_ptg000001l_0635-R	Similar to Late embryogenesis abundant protein 1 (Cicer arietinum)	19207	18752	FALSE	TRUE	downstream	18752
Chr10	14539731	1.5946650413066385e-5	2.2101562741188676e-7	1	14516477	14520235	+	Sdiv_ptg000001l_0634-R	Similar to DHAD: Dihydroxy-acid dehydratase%2C chloroplastic (Arabidopsis thaliana)	23254	19496	FALSE	TRUE	downstream	19496
Chr10	14539731	1.5946650413066385e-5	2.2101562741188676e-7	1	14560788	14562786	+	Sdiv_ptg000001l_0642-R	Similar to GATA1: GATA transcription factor 1 (Arabidopsis thaliana)	-21057	-23055	FALSE	TRUE	upstream	21057
Chr10	14539731	1.5946650413066385e-5	2.2101562741188676e-7	1	14514896	14515791	+	Sdiv_ptg000001l_0633-R	Protein of unknown function	24835	23940	FALSE	TRUE	downstream	23940
Chr10	14539731	1.5946650413066385e-5	2.2101562741188676e-7	1	14510837	14513762	+	Sdiv_ptg000001l_0632-R	Similar to BAM1: Beta-amylase 1%2C chloroplastic (Arabidopsis thaliana)	28894	25969	FALSE	TRUE	downstream	25969
Chr10	14539731	1.5946650413066385e-5	2.2101562741188676e-7	1	14573195	14576721	-	Sdiv_ptg000001l_0643-R	Similar to GFAT1: Glutamine--fructose-6-phosphate aminotransferase [isomerizing] 1 (Arabidopsis thaliana)	-33464	-36990	FALSE	TRUE	upstream	33464
Chr10	14539731	1.5946650413066385e-5	2.2101562741188676e-7	1	14501672	14503183	+	Sdiv_ptg000001l_0631-R	Similar to AMT1-3: Ammonium transporter 1 member 3 (Arabidopsis thaliana)	38059	36548	FALSE	TRUE	downstream	36548
Chr10	14539731	1.5946650413066385e-5	2.2101562741188676e-7	1	14578390	14580757	-	Sdiv_ptg000001l_0644-R	Similar to ROPGEF1: Rop guanine nucleotide exchange factor 1 (Arabidopsis thaliana)	-38659	-41026	FALSE	TRUE	upstream	38659
Chr10	14539731	1.5946650413066385e-5	2.2101562741188676e-7	1	14588294	14589470	+	Sdiv_ptg000001l_0645-R	Protein of unknown function	-48563	-49739	FALSE	TRUE	upstream	48563
Chr10	14539731	1.5946650413066385e-5	2.2101562741188676e-7	1	14592974	14596974	-	Sdiv_ptg000001l_0646-R	Similar to PHL2: Protein PHR1-LIKE 2 (Arabidopsis thaliana)	-53243	-57243	FALSE	TRUE	upstream	53243
Chr10	14539731	1.5946650413066385e-5	2.2101562741188676e-7	1	14483240	14484294	+	Sdiv_ptg000001l_0630-R	Similar to EOBI: MYB-like transcription factor EOBI (Petunia hybrida)	56491	55437	FALSE	TRUE	downstream	55437
Chr10	14539731	1.5946650413066385e-5	2.2101562741188676e-7	1	14602707	14605011	-	Sdiv_ptg000001l_0647-R	Similar to PME29: Probable pectinesterase 29 (Arabidopsis thaliana)	-62976	-65280	FALSE	TRUE	upstream	62976
Chr10	14539731	1.5946650413066385e-5	2.2101562741188676e-7	1	14471985	14475389	-	Sdiv_ptg000001l_0629-R	Similar to GATB: Glutamyl-tRNA(Gln) amidotransferase subunit B%2C chloroplastic/mitochondrial (Arabidopsis thaliana)	67746	64342	FALSE	TRUE	downstream	64342
Chr10	14539731	1.5946650413066385e-5	2.2101562741188676e-7	1	14470544	14472291	+	Sdiv_ptg000001l_0628-R	Similar to Bnip1: Vesicle transport protein SEC20 (Mus musculus)	69187	67440	FALSE	TRUE	downstream	67440
Chr10	14539731	1.5946650413066385e-5	2.2101562741188676e-7	1	14461064	14468052	+	Sdiv_ptg000001l_0627-R	Similar to MSH1: DNA mismatch repair protein MSH1%2C mitochondrial (Arabidopsis thaliana)	78667	71679	FALSE	TRUE	downstream	71679
Chr10	14539731	1.5946650413066385e-5	2.2101562741188676e-7	1	14615584	14617171	-	Sdiv_ptg000001l_0648-R	Similar to FAMA: Transcription factor FAMA (Arabidopsis thaliana)	-75853	-77440	FALSE	TRUE	upstream	75853
Chr10	14539731	1.5946650413066385e-5	2.2101562741188676e-7	1	14454124	14457544	+	Sdiv_ptg000001l_0626-R	Similar to CLSY4: SNF2 domain-containing protein CLASSY 4 (Arabidopsis thaliana)	85607	82187	FALSE	TRUE	downstream	82187
Chr10	14539731	1.5946650413066385e-5	2.2101562741188676e-7	1	14449772	14451839	-	Sdiv_ptg000001l_0625-R	Similar to SYP32: Syntaxin-32 (Arabidopsis thaliana)	89959	87892	FALSE	TRUE	downstream	87892
Chr10	14539731	1.5946650413066385e-5	2.2101562741188676e-7	1	14446894	14447888	-	Sdiv_ptg000001l_0624-R	Protein of unknown function	92837	91843	FALSE	TRUE	downstream	91843
Chr10	14539731	1.5946650413066385e-5	2.2101562741188676e-7	1	14631957	14633465	-	Sdiv_ptg000001l_0649-R	Protein of unknown function	-92226	-93734	FALSE	TRUE	upstream	92226
Chr10	14539731	1.5946650413066385e-5	2.2101562741188676e-7	1	14441552	14445146	+	Sdiv_ptg000001l_0623-R	Similar to At3g24360: 3-hydroxyisobutyryl-CoA hydrolase-like protein 4%2C mitochondrial (Arabidopsis thaliana)	98179	94585	FALSE	TRUE	downstream	94585
Chr10	14539731	1.5946650413066385e-5	2.2101562741188676e-7	1	14634390	14637949	+	Sdiv_ptg000001l_0650-R	Protein of unknown function	-94659	-98218	FALSE	TRUE	upstream	94659
Chr10	14539731	1.5946650413066385e-5	2.2101562741188676e-7	1	14440213	14440476	+	Sdiv_ptg000001l_0622-R	Similar to RMS3: Strigolactone esterase RMS3 (Pisum sativum)	99518	99255	FALSE	TRUE	downstream	99255
Chr11	6546562	8.956947829576455e-6	5.8130614757788936e-8	1	6563315	6565708	+	Sdiv_ptg000002l_1075-R	Similar to GLN1-2: Glutamine synthetase cytosolic isozyme 1-2 (Arabidopsis thaliana)	-16753	-19146	FALSE	TRUE	upstream	16753
Chr11	6546562	8.956947829576455e-6	5.8130614757788936e-8	1	6516903	6517865	-	Sdiv_ptg000002l_1076-R	Similar to MYB20: Transcription factor MYB20 (Arabidopsis thaliana)	29659	28697	FALSE	TRUE	downstream	28697
Chr11	6546562	8.956947829576455e-6	5.8130614757788936e-8	1	6500044	6504527	-	Sdiv_ptg000002l_1077-R	Similar to At1g66250: Glucan endo-1%2C3-beta-glucosidase 2 (Arabidopsis thaliana)	46518	42035	FALSE	TRUE	downstream	42035
Chr11	6546562	8.956947829576455e-6	5.8130614757788936e-8	1	6483813	6486081	+	Sdiv_ptg000002l_1078-R	Similar to ALY3: THO complex subunit 4C (Arabidopsis thaliana)	62749	60481	FALSE	TRUE	downstream	60481
Chr11	6546562	8.956947829576455e-6	5.8130614757788936e-8	1	6471812	6475195	+	Sdiv_ptg000002l_1079-R	Similar to AAF: Senescence-associated protein AAF%2C chlorolplastic (Arabidopsis thaliana)	74750	71367	FALSE	TRUE	downstream	71367
Chr11	6546562	8.956947829576455e-6	5.8130614757788936e-8	1	6455382	6458724	-	Sdiv_ptg000002l_1080-R	Similar to ETR1: Ethylene receptor 1 (Brassica oleracea)	91180	87838	FALSE	TRUE	downstream	87838
Chr11	6546562	8.956947829576455e-6	5.8130614757788936e-8	1	6645090	6646013	+	Sdiv_ptg000002l_1074-R	Protein of unknown function	-98528	-99451	FALSE	TRUE	upstream	98528
Chr11	6546598	1.0188579169477637e-6	1.7564085703017226e-10	0.18297159901506416	6563315	6565708	+	Sdiv_ptg000002l_1075-R	Similar to GLN1-2: Glutamine synthetase cytosolic isozyme 1-2 (Arabidopsis thaliana)	-16717	-19110	FALSE	TRUE	upstream	16717
Chr11	6546598	1.0188579169477637e-6	1.7564085703017226e-10	0.18297159901506416	6516903	6517865	-	Sdiv_ptg000002l_1076-R	Similar to MYB20: Transcription factor MYB20 (Arabidopsis thaliana)	29695	28733	FALSE	TRUE	downstream	28733
Chr11	6546598	1.0188579169477637e-6	1.7564085703017226e-10	0.18297159901506416	6500044	6504527	-	Sdiv_ptg000002l_1077-R	Similar to At1g66250: Glucan endo-1%2C3-beta-glucosidase 2 (Arabidopsis thaliana)	46554	42071	FALSE	TRUE	downstream	42071
Chr11	6546598	1.0188579169477637e-6	1.7564085703017226e-10	0.18297159901506416	6483813	6486081	+	Sdiv_ptg000002l_1078-R	Similar to ALY3: THO complex subunit 4C (Arabidopsis thaliana)	62785	60517	FALSE	TRUE	downstream	60517
Chr11	6546598	1.0188579169477637e-6	1.7564085703017226e-10	0.18297159901506416	6471812	6475195	+	Sdiv_ptg000002l_1079-R	Similar to AAF: Senescence-associated protein AAF%2C chlorolplastic (Arabidopsis thaliana)	74786	71403	FALSE	TRUE	downstream	71403
Chr11	6546598	1.0188579169477637e-6	1.7564085703017226e-10	0.18297159901506416	6455382	6458724	-	Sdiv_ptg000002l_1080-R	Similar to ETR1: Ethylene receptor 1 (Brassica oleracea)	91216	87874	FALSE	TRUE	downstream	87874
Chr11	6546598	1.0188579169477637e-6	1.7564085703017226e-10	0.18297159901506416	6645090	6646013	+	Sdiv_ptg000002l_1074-R	Protein of unknown function	-98492	-99415	FALSE	TRUE	upstream	98492
Chr13	4965604	2.7149696920416105e-6	2.8201836170189197e-9	0.48756783214529265	4971174	4978218	-	Sdiv_ptg000013l_0411-R	Similar to naa35: N-alpha-acetyltransferase 35%2C NatC auxiliary subunit (Danio rerio)	-5570	-12614	FALSE	TRUE	upstream	5570
Chr13	4965604	2.7149696920416105e-6	2.8201836170189197e-9	0.48756783214529265	4980311	4983844	+	Sdiv_ptg000013l_0412-R	Similar to CRCK3: Calmodulin-binding receptor-like cytoplasmic kinase 3 (Arabidopsis thaliana)	-14707	-18240	FALSE	TRUE	upstream	14707
Chr2	18026903	9.468005557067148e-7	1.4106732591016835e-10	0.17003117779659038	17959984	17961207	-	Sdiv_ptg000009l_1920-R	Similar to RANBPM: Ran-binding protein M homolog (Arabidopsis thaliana)	66919	65696	FALSE	TRUE	downstream	65696
Chr2	18026903	9.468005557067148e-7	1.4106732591016835e-10	0.17003117779659038	17958062	17959763	-	Sdiv_ptg000009l_1919-R	Similar to RANBPM: Ran-binding protein M homolog (Arabidopsis thaliana)	68841	67140	FALSE	TRUE	downstream	67140
Chr2	18026903	9.468005557067148e-7	1.4106732591016835e-10	0.17003117779659038	17948508	17949541	+	Sdiv_ptg000009l_1918-R	Similar to NDK1: Nucleoside diphosphate kinase 1 (Arabidopsis thaliana)	78395	77362	FALSE	TRUE	downstream	77362
Chr3	2687091	2.457364718867513e-5	5.721686441606392e-7	1	2684259	2687375	-	Sdiv_ptg000003l_0463-R	Similar to TOL3: TOM1-like protein 3 (Arabidopsis thaliana)	2832	-284	TRUE	TRUE	in_gene	0
Chr3	2687091	2.457364718867513e-5	5.721686441606392e-7	1	2687785	2689677	-	Sdiv_ptg000003l_0465-R	Protein of unknown function	-694	-2586	FALSE	TRUE	upstream	694
Chr3	2687091	2.457364718867513e-5	5.721686441606392e-7	1	2684487	2685238	+	Sdiv_ptg000003l_0464-R	Protein of unknown function	2604	1853	FALSE	TRUE	downstream	1853
Chr3	2687091	2.457364718867513e-5	5.721686441606392e-7	1	2682475	2684391	+	Sdiv_ptg000003l_0462-R	Similar to SPAC57A10.07: Uncharacterized protein C57A10.07 (Schizosaccharomyces pombe (strain 972 / ATCC 24843))	4616	2700	FALSE	TRUE	downstream	2700
Chr3	2687091	2.457364718867513e-5	5.721686441606392e-7	1	2679661	2681598	+	Sdiv_ptg000003l_0461-R	Similar to GLTP2: Glycolipid transfer protein 2 (Arabidopsis thaliana)	7430	5493	FALSE	TRUE	downstream	5493
Chr3	2687091	2.457364718867513e-5	5.721686441606392e-7	1	2692627	2695654	+	Sdiv_ptg000003l_0466-R	Similar to At1g21400: 2-oxoisovalerate dehydrogenase subunit alpha 1%2C mitochondrial (Arabidopsis thaliana)	-5536	-8563	FALSE	TRUE	upstream	5536
Chr3	2687091	2.457364718867513e-5	5.721686441606392e-7	1	2674781	2676920	-	Sdiv_ptg000003l_0460-R	Protein of unknown function	12310	10171	FALSE	TRUE	downstream	10171
Chr3	2687091	2.457364718867513e-5	5.721686441606392e-7	1	2700320	2702611	+	Sdiv_ptg000003l_0467-R	Similar to SKP2A: F-box protein SKP2A (Arabidopsis thaliana)	-13229	-15520	FALSE	TRUE	upstream	13229
Chr3	2687091	2.457364718867513e-5	5.721686441606392e-7	1	2703542	2704920	+	Sdiv_ptg000003l_0468-R	Similar to YUC11: Probable indole-3-pyruvate monooxygenase YUCCA11 (Arabidopsis thaliana)	-16451	-17829	FALSE	TRUE	upstream	16451
Chr3	2687091	2.457364718867513e-5	5.721686441606392e-7	1	2705132	2706965	-	Sdiv_ptg000003l_0469-R	Similar to At1g77060: Carboxyvinyl-carboxyphosphonate phosphorylmutase%2C chloroplastic (Arabidopsis thaliana)	-18041	-19874	FALSE	TRUE	upstream	18041
Chr3	2687091	2.457364718867513e-5	5.721686441606392e-7	1	2662820	2664914	-	Sdiv_ptg000003l_0459-R	Similar to NSRB: Nuclear speckle RNA-binding protein B (Arabidopsis thaliana)	24271	22177	FALSE	TRUE	downstream	22177
Chr3	2687091	2.457364718867513e-5	5.721686441606392e-7	1	2709948	2712644	+	Sdiv_ptg000003l_0470-R	Similar to SCL1: Scarecrow-like protein 1 (Arabidopsis thaliana)	-22857	-25553	FALSE	TRUE	upstream	22857
Chr3	2687091	2.457364718867513e-5	5.721686441606392e-7	1	2712694	2714271	-	Sdiv_ptg000003l_0471-R	Similar to SWEET1: Bidirectional sugar transporter SWEET1 (Arabidopsis thaliana)	-25603	-27180	FALSE	TRUE	upstream	25603
Chr3	2687091	2.457364718867513e-5	5.721686441606392e-7	1	2717887	2720480	-	Sdiv_ptg000003l_0472-R	Similar to F8H: Probable glucuronoxylan glucuronosyltransferase F8H (Arabidopsis thaliana)	-30796	-33389	FALSE	TRUE	upstream	30796
Chr3	2687091	2.457364718867513e-5	5.721686441606392e-7	1	2654196	2655065	+	Sdiv_ptg000003l_0458-R	Protein of unknown function	32895	32026	FALSE	TRUE	downstream	32026
Chr3	2687091	2.457364718867513e-5	5.721686441606392e-7	1	2653982	2654315	-	Sdiv_ptg000003l_0457-R	Protein of unknown function	33109	32776	FALSE	TRUE	downstream	32776
Chr3	2687091	2.457364718867513e-5	5.721686441606392e-7	1	2721902	2725054	-	Sdiv_ptg000003l_0473-R	Similar to GUX3: Putative UDP-glucuronate:xylan alpha-glucuronosyltransferase 3 (Arabidopsis thaliana)	-34811	-37963	FALSE	TRUE	upstream	34811
Chr3	2687091	2.457364718867513e-5	5.721686441606392e-7	1	2726415	2728602	-	Sdiv_ptg000003l_0474-R	Protein of unknown function	-39324	-41511	FALSE	TRUE	upstream	39324
Chr3	2687091	2.457364718867513e-5	5.721686441606392e-7	1	2735374	2735826	-	Sdiv_ptg000003l_0475-R	Protein of unknown function	-48283	-48735	FALSE	TRUE	upstream	48283
Chr3	2687091	2.457364718867513e-5	5.721686441606392e-7	1	2636637	2637962	+	Sdiv_ptg000003l_0456-R	Protein of unknown function	50454	49129	FALSE	TRUE	downstream	49129
Chr3	2687091	2.457364718867513e-5	5.721686441606392e-7	1	2627852	2635195	+	Sdiv_ptg000003l_0455-R	Similar to SEC5B: Exocyst complex component SEC5B (Arabidopsis thaliana)	59239	51896	FALSE	TRUE	downstream	51896
Chr3	2687091	2.457364718867513e-5	5.721686441606392e-7	1	2740003	2741764	-	Sdiv_ptg000003l_0476-R	Similar to AEE10: Probable acyl-activating enzyme 10 (Arabidopsis thaliana)	-52912	-54673	FALSE	TRUE	upstream	52912
Chr3	2687091	2.457364718867513e-5	5.721686441606392e-7	1	2742833	2744658	-	Sdiv_ptg000003l_0477-R	Similar to AEE9: Probable acyl-activating enzyme 9 (Arabidopsis thaliana)	-55742	-57567	FALSE	TRUE	upstream	55742
Chr3	2687091	2.457364718867513e-5	5.721686441606392e-7	1	2748418	2750626	+	Sdiv_ptg000003l_0478-R	Protein of unknown function	-61327	-63535	FALSE	TRUE	upstream	61327
Chr3	2687091	2.457364718867513e-5	5.721686441606392e-7	1	2750618	2758645	-	Sdiv_ptg000003l_0479-R	Similar to At1g21580: Uncharacterized protein At1g21580 (Arabidopsis thaliana)	-63527	-71554	FALSE	TRUE	upstream	63527
Chr3	2687091	2.457364718867513e-5	5.721686441606392e-7	1	2610768	2616244	-	Sdiv_ptg000003l_0454-R	Similar to IGMT4: Indole glucosinolate O-methyltransferase 4 (Arabidopsis thaliana)	76323	70847	FALSE	TRUE	downstream	70847
Chr3	2687091	2.457364718867513e-5	5.721686441606392e-7	1	2759062	2762561	-	Sdiv_ptg000003l_0480-R	Similar to STU: Protein kinase STUNTED (Arabidopsis thaliana)	-71971	-75470	FALSE	TRUE	upstream	71971
Chr3	2687091	2.457364718867513e-5	5.721686441606392e-7	1	2608565	2610361	+	Sdiv_ptg000003l_0453-R	Protein of unknown function	78526	76730	FALSE	TRUE	downstream	76730
Chr3	2687091	2.457364718867513e-5	5.721686441606392e-7	1	2764182	2766829	-	Sdiv_ptg000003l_0481-R	Similar to PTAC6: PLASTID TRANSCRIPTIONALLY ACTIVE protein 6%2C chloroplastic (Arabidopsis thaliana)	-77091	-79738	FALSE	TRUE	upstream	77091
Chr3	2687091	2.457364718867513e-5	5.721686441606392e-7	1	2602323	2606006	-	Sdiv_ptg000003l_0452-R	Similar to ATJ10: Chaperone protein dnaJ 10 (Arabidopsis thaliana)	84768	81085	FALSE	TRUE	downstream	81085
Chr3	2687091	2.457364718867513e-5	5.721686441606392e-7	1	2771353	2776123	+	Sdiv_ptg000003l_0482-R	Similar to UBN1: Ubinuclein-1 (Arabidopsis thaliana)	-84262	-89032	FALSE	TRUE	upstream	84262
Chr3	2687091	2.457364718867513e-5	5.721686441606392e-7	1	2773969	2774337	-	Sdiv_ptg000003l_0483-R	Protein of unknown function	-86878	-87246	FALSE	TRUE	upstream	86878
Chr3	2687091	2.457364718867513e-5	5.721686441606392e-7	1	2776629	2783667	+	Sdiv_ptg000003l_0484-R	Similar to EHD2: EH domain-containing protein 2 (Arabidopsis thaliana)	-89538	-96576	FALSE	TRUE	upstream	89538
Chr3	2687091	2.457364718867513e-5	5.721686441606392e-7	1	2594618	2595382	+	Sdiv_ptg000003l_0451-R	Similar to MIZ1: Protein MIZU-KUSSEI 1 (Arabidopsis thaliana)	92473	91709	FALSE	TRUE	downstream	91709
Chr3	2687091	2.457364718867513e-5	5.721686441606392e-7	1	2784755	2792478	-	Sdiv_ptg000003l_0485-R	Similar to SECA2: Protein translocase subunit SECA2%2C chloroplastic (Arabidopsis thaliana)	-97664	-105387	FALSE	TRUE	upstream	97664
Chr3	10130825	1.3760191008087147e-5	1.5825345154119828e-7	1	10134436	10137624	-	Sdiv_ptg000003l_1332-R	Protein of unknown function	-3611	-6799	FALSE	TRUE	upstream	3611
Chr3	10130825	1.3760191008087147e-5	1.5825345154119828e-7	1	10118936	10120325	+	Sdiv_ptg000003l_1331-R	Similar to Tmem50a: Transmembrane protein 50A (Mus musculus)	11889	10500	FALSE	TRUE	downstream	10500
Chr3	10130825	1.3760191008087147e-5	1.5825345154119828e-7	1	10057948	10058639	-	Sdiv_ptg000003l_1330-R	Protein of unknown function	72877	72186	FALSE	TRUE	downstream	72186
Chr3	10130825	1.3760191008087147e-5	1.5825345154119828e-7	1	10214995	10217993	-	Sdiv_ptg000003l_1333-R	Protein of unknown function	-84170	-87168	FALSE	TRUE	upstream	84170
Chr4	4682775	4.884500209226685e-6	1.3087110629489237e-8	0.8771829700739743	4678141	4684051	-	Sdiv_ptg000010l_0886-R	Similar to PEX5: Peroxisome biogenesis protein 5 (Arabidopsis thaliana)	4634	-1276	TRUE	TRUE	in_gene	0
Chr4	4682775	4.884500209226685e-6	1.3087110629489237e-8	0.8771829700739743	4684389	4687149	+	Sdiv_ptg000010l_0887-R	Similar to CSN6A: COP9 signalosome complex subunit 6a (Arabidopsis thaliana)	-1614	-4374	FALSE	TRUE	upstream	1614
Chr4	4682775	4.884500209226685e-6	1.3087110629489237e-8	0.8771829700739743	4687462	4689794	-	Sdiv_ptg000010l_0888-R	Similar to WRKY2: Probable WRKY transcription factor 2 (Arabidopsis thaliana)	-4687	-7019	FALSE	TRUE	upstream	4687
Chr4	4682775	4.884500209226685e-6	1.3087110629489237e-8	0.8771829700739743	4689795	4690946	-	Sdiv_ptg000010l_0889-R	Protein of unknown function	-7020	-8171	FALSE	TRUE	upstream	7020
Chr4	4682775	4.884500209226685e-6	1.3087110629489237e-8	0.8771829700739743	4692986	4694222	+	Sdiv_ptg000010l_0890-R	Similar to At5g56260: Putative 4-hydroxy-4-methyl-2-oxoglutarate aldolase 3 (Arabidopsis thaliana)	-10211	-11447	FALSE	TRUE	upstream	10211
Chr4	4682775	4.884500209226685e-6	1.3087110629489237e-8	0.8771829700739743	4668307	4671958	+	Sdiv_ptg000010l_0885-R	Similar to At5g56560: Putative FBD-associated F-box protein At5g56560 (Arabidopsis thaliana)	14468	10817	FALSE	TRUE	downstream	10817
Chr4	4682775	4.884500209226685e-6	1.3087110629489237e-8	0.8771829700739743	4697521	4698379	+	Sdiv_ptg000010l_0891-R	Protein of unknown function	-14746	-15604	FALSE	TRUE	upstream	14746
Chr4	4682775	4.884500209226685e-6	1.3087110629489237e-8	0.8771829700739743	4698460	4701537	+	Sdiv_ptg000010l_0892-R	Protein of unknown function	-15685	-18762	FALSE	TRUE	upstream	15685
Chr4	4682775	4.884500209226685e-6	1.3087110629489237e-8	0.8771829700739743	4659323	4662654	-	Sdiv_ptg000010l_0884-R	Similar to GAMT2: Gibberellic acid methyltransferase 2 (Arabidopsis thaliana)	23452	20121	FALSE	TRUE	downstream	20121
Chr4	4682775	4.884500209226685e-6	1.3087110629489237e-8	0.8771829700739743	4704844	4709605	+	Sdiv_ptg000010l_0893-R	Protein of unknown function	-22069	-26830	FALSE	TRUE	upstream	22069
Chr4	4682775	4.884500209226685e-6	1.3087110629489237e-8	0.8771829700739743	4709621	4709849	+	Sdiv_ptg000010l_0894-R	Protein of unknown function	-26846	-27074	FALSE	TRUE	upstream	26846
Chr4	4682775	4.884500209226685e-6	1.3087110629489237e-8	0.8771829700739743	4651281	4653552	-	Sdiv_ptg000010l_0883-R	Similar to EXPA14: Expansin-A14 (Arabidopsis thaliana)	31494	29223	FALSE	TRUE	downstream	29223
Chr4	4682775	4.884500209226685e-6	1.3087110629489237e-8	0.8771829700739743	4712496	4716279	+	Sdiv_ptg000010l_0895-R	Protein of unknown function	-29721	-33504	FALSE	TRUE	upstream	29721
Chr4	4682775	4.884500209226685e-6	1.3087110629489237e-8	0.8771829700739743	4712657	4715557	-	Sdiv_ptg000010l_0896-R	Protein of unknown function	-29882	-32782	FALSE	TRUE	upstream	29882
Chr4	4682775	4.884500209226685e-6	1.3087110629489237e-8	0.8771829700739743	4717811	4719673	+	Sdiv_ptg000010l_0897-R	Similar to WIP2: WPP domain-interacting protein 2 (Arabidopsis thaliana)	-35036	-36898	FALSE	TRUE	upstream	35036
Chr4	4682775	4.884500209226685e-6	1.3087110629489237e-8	0.8771829700739743	4641843	4643515	-	Sdiv_ptg000010l_0882-R	Similar to SIRP1: E3 ubiquitin-protein ligase SIRP1 (Oryza sativa subsp. japonica)	40932	39260	FALSE	TRUE	downstream	39260
Chr4	4682775	4.884500209226685e-6	1.3087110629489237e-8	0.8771829700739743	4638264	4641480	+	Sdiv_ptg000010l_0881-R	Similar to At4g26390: Probable pyruvate kinase%2C cytosolic isozyme (Arabidopsis thaliana)	44511	41295	FALSE	TRUE	downstream	41295
Chr4	4682775	4.884500209226685e-6	1.3087110629489237e-8	0.8771829700739743	4724976	4729443	-	Sdiv_ptg000010l_0898-R	Similar to SPBC2A9.03: Uncharacterized WD repeat-containing protein C2A9.03 (Schizosaccharomyces pombe (strain 972 / ATCC 24843))	-42201	-46668	FALSE	TRUE	upstream	42201
Chr4	4682775	4.884500209226685e-6	1.3087110629489237e-8	0.8771829700739743	4632938	4637600	+	Sdiv_ptg000010l_0880-R	Similar to PSL4: Glucosidase 2 subunit beta (Arabidopsis thaliana)	49837	45175	FALSE	TRUE	downstream	45175
Chr4	4682775	4.884500209226685e-6	1.3087110629489237e-8	0.8771829700739743	4730071	4730715	-	Sdiv_ptg000010l_0899-R	Protein of unknown function	-47296	-47940	FALSE	TRUE	upstream	47296
Chr4	4682775	4.884500209226685e-6	1.3087110629489237e-8	0.8771829700739743	4731340	4731902	-	Sdiv_ptg000010l_0900-R	Similar to LLG1: GPI-anchored protein LLG1 (Arabidopsis thaliana)	-48565	-49127	FALSE	TRUE	upstream	48565
Chr4	4682775	4.884500209226685e-6	1.3087110629489237e-8	0.8771829700739743	4629956	4631384	+	Sdiv_ptg000010l_0879-R	Similar to At1g32375: Probable FBD-associated F-box protein At1g32375 (Arabidopsis thaliana)	52819	51391	FALSE	TRUE	downstream	51391
Chr4	4682775	4.884500209226685e-6	1.3087110629489237e-8	0.8771829700739743	4735070	4736592	-	Sdiv_ptg000010l_0901-R	Similar to UBC30: Ubiquitin-conjugating enzyme E2 30 (Arabidopsis thaliana)	-52295	-53817	FALSE	TRUE	upstream	52295
Chr4	4682775	4.884500209226685e-6	1.3087110629489237e-8	0.8771829700739743	4738553	4741725	-	Sdiv_ptg000010l_0902-R	Similar to At5g56140: KH domain-containing protein At5g56140 (Arabidopsis thaliana)	-55778	-58950	FALSE	TRUE	upstream	55778
Chr4	4682775	4.884500209226685e-6	1.3087110629489237e-8	0.8771829700739743	4741906	4745157	+	Sdiv_ptg000010l_0903-R	Similar to THO3: THO complex subunit 3 (Arabidopsis thaliana)	-59131	-62382	FALSE	TRUE	upstream	59131
Chr4	4682775	4.884500209226685e-6	1.3087110629489237e-8	0.8771829700739743	4747068	4748511	-	Sdiv_ptg000010l_0904-R	Similar to MYB80: Transcription factor MYB80 (Arabidopsis thaliana)	-64293	-65736	FALSE	TRUE	upstream	64293
Chr4	4682775	4.884500209226685e-6	1.3087110629489237e-8	0.8771829700739743	4749992	4753267	-	Sdiv_ptg000010l_0905-R	Similar to COX15: Cytochrome c oxidase assembly protein COX15 (Arabidopsis thaliana)	-67217	-70492	FALSE	TRUE	upstream	67217
Chr4	4682775	4.884500209226685e-6	1.3087110629489237e-8	0.8771829700739743	4753380	4758984	-	Sdiv_ptg000010l_0906-R	Similar to ARA1: L-arabinokinase (Arabidopsis thaliana)	-70605	-76209	FALSE	TRUE	upstream	70605
Chr4	4682775	4.884500209226685e-6	1.3087110629489237e-8	0.8771829700739743	4607129	4610077	-	Sdiv_ptg000010l_0878-R	Similar to PBL16: Probable serine/threonine-protein kinase PBL16 (Arabidopsis thaliana)	75646	72698	FALSE	TRUE	downstream	72698
Chr4	4682775	4.884500209226685e-6	1.3087110629489237e-8	0.8771829700739743	4600952	4604464	-	Sdiv_ptg000010l_0877-R	Similar to CPN60B3: Chaperonin 60 subunit beta 3%2C chloroplastic (Arabidopsis thaliana)	81823	78311	FALSE	TRUE	downstream	78311
Chr4	4682775	4.884500209226685e-6	1.3087110629489237e-8	0.8771829700739743	4591983	4594448	-	Sdiv_ptg000010l_0876-R	Similar to APUM12: Pumilio homolog 12 (Arabidopsis thaliana)	90792	88327	FALSE	TRUE	downstream	88327
Chr4	4682775	4.884500209226685e-6	1.3087110629489237e-8	0.8771829700739743	4771140	4774237	-	Sdiv_ptg000010l_0907-R	Similar to SUFE1: SufE-like protein 1%2C chloroplastic/mitochondrial (Arabidopsis thaliana)	-88365	-91462	FALSE	TRUE	upstream	88365
Chr4	4682775	4.884500209226685e-6	1.3087110629489237e-8	0.8771829700739743	4589744	4590942	-	Sdiv_ptg000010l_0875-R	Protein of unknown function	93031	91833	FALSE	TRUE	downstream	91833
Chr4	4682775	4.884500209226685e-6	1.3087110629489237e-8	0.8771829700739743	4589738	4590570	-	Sdiv_ptg000010l_0874-R	Protein of unknown function	93037	92205	FALSE	TRUE	downstream	92205
Chr4	4682775	4.884500209226685e-6	1.3087110629489237e-8	0.8771829700739743	4775078	4778993	+	Sdiv_ptg000010l_0908-R	Similar to UKL4: Uridine kinase-like protein 4 (Arabidopsis thaliana)	-92303	-96218	FALSE	TRUE	upstream	92303
Chr4	4682775	4.884500209226685e-6	1.3087110629489237e-8	0.8771829700739743	4582001	4585137	-	Sdiv_ptg000010l_0873-R	Protein of unknown function	100774	97638	FALSE	TRUE	downstream	97638
Chr4	4682775	4.884500209226685e-6	1.3087110629489237e-8	0.8771829700739743	4781272	4781724	-	Sdiv_ptg000010l_0909-R	Similar to RGI4: Leucine-rich repeat receptor-like serine/threonine-protein kinase RGI4 (Arabidopsis thaliana)	-98497	-98949	FALSE	TRUE	upstream	98497
Chr5	7822110	3.0303557135016e-5	8.940001571277922e-7	1	7836959	7838243	+	Sdiv_ptg000004l_0363-R	Similar to CYP28: Peptidyl-prolyl cis-trans isomerase CYP28%2C chloroplastic (Arabidopsis thaliana)	-14849	-16133	FALSE	TRUE	upstream	14849
Chr5	7822110	3.0303557135016e-5	8.940001571277922e-7	1	7840437	7840913	-	Sdiv_ptg000004l_0364-R	Protein of unknown function	-18327	-18803	FALSE	TRUE	upstream	18327
Chr5	7822110	3.0303557135016e-5	8.940001571277922e-7	1	7848544	7848918	+	Sdiv_ptg000665l_0009-R	Similar to accD: Acetyl-coenzyme A carboxylase carboxyl transferase subunit beta%2C chloroplastic (Draba nemorosa)	-26434	-26808	FALSE	TRUE	upstream	26434
Chr5	7822110	3.0303557135016e-5	8.940001571277922e-7	1	7778074	7787276	+	Sdiv_ptg000004l_0362-R	Protein of unknown function	44036	34834	FALSE	TRUE	downstream	34834
Chr5	10978895	1.782089203537666e-5	2.8334349871098615e-7	1	10891702	10893922	-	Sdiv_ptg000004l_0387-R	Similar to KLLA0D18557g: GPN-loop GTPase 3 (Kluyveromyces lactis (strain ATCC 8585 / CBS 2359 / DSM 70799 / NBRC 1267 / NRRL Y-1140 / WM37))	87193	84973	FALSE	TRUE	downstream	84973
Chr5	10978895	1.782089203537666e-5	2.8334349871098615e-7	1	11067718	11071723	-	Sdiv_ptg000004l_0388-R	Similar to AUXI1: Auxilin-related protein 1 (Arabidopsis thaliana)	-88823	-92828	FALSE	TRUE	upstream	88823
Chr6	20087317	9.460179752420896e-6	6.619721276400231e-8	1	20099906	20101475	-	Sdiv_ptg000012l_1889-R	Similar to TY3B-I: Transposon Ty3-I Gag-Pol polyprotein (Saccharomyces cerevisiae (strain ATCC 204508 / S288c))	-12589	-14158	FALSE	TRUE	upstream	12589
Chr6	20087317	9.460179752420896e-6	6.619721276400231e-8	1	20145120	20148186	+	Sdiv_ptg000012l_1890-R	Similar to AP17: AP-2 complex subunit sigma (Arabidopsis thaliana)	-57803	-60869	FALSE	TRUE	upstream	57803
Chr6	20087317	9.460179752420896e-6	6.619721276400231e-8	1	20155720	20157784	-	Sdiv_ptg000012l_1891-R	Protein of unknown function	-68403	-70467	FALSE	TRUE	upstream	68403
Chr6	20087317	9.460179752420896e-6	6.619721276400231e-8	1	20006212	20007515	-	Sdiv_ptg000012l_1888-R	Similar to At4g04430: Probable transposase-like protein At4g04430 (Arabidopsis thaliana)	81105	79802	FALSE	TRUE	downstream	79802
Chr6	20087317	9.460179752420896e-6	6.619721276400231e-8	1	20173332	20173517	+	Sdiv_ptg000012l_1892-R	Protein of unknown function	-86015	-86200	FALSE	TRUE	upstream	86015
Chr8	16730419	1.3809544482011306e-5	1.595515325899282e-7	1	16743931	16745763	-	Sdiv_ptg000005l_0103-R	Similar to At5g33370: GDSL esterase/lipase At5g33370 (Arabidopsis thaliana)	-13512	-15344	FALSE	TRUE	upstream	13512
Chr8	16730419	1.3809544482011306e-5	1.595515325899282e-7	1	16769572	16771718	-	Sdiv_ptg000005l_0102-R	Similar to At5g33370: GDSL esterase/lipase At5g33370 (Arabidopsis thaliana)	-39153	-41299	FALSE	TRUE	upstream	39153
Chr8	16730419	1.3809544482011306e-5	1.595515325899282e-7	1	16686230	16690316	-	Sdiv_ptg000005l_0104-R	Similar to TH2: Bifunctional TH2 protein%2C mitochondrial (Arabidopsis thaliana)	44189	40103	FALSE	TRUE	downstream	40103
Chr8	16730419	1.3809544482011306e-5	1.595515325899282e-7	1	16828721	16828948	-	Sdiv_ptg000005l_0101-R	Protein of unknown function	-98302	-98529	FALSE	TRUE	upstream	98302
Chr8	17943390	2.0958577728663186e-5	4.0514267641320264e-7	1	17904346	17908172	-	Sdiv_ptg000005l_0077-R	Similar to truA: tRNA pseudouridine synthase A (Borrelia recurrentis (strain A1))	39044	35218	FALSE	TRUE	downstream	35218
Chr8	17943390	2.0958577728663186e-5	4.0514267641320264e-7	1	17901894	17904245	+	Sdiv_ptg000005l_0078-R	Similar to PRK1: Pollen receptor-like kinase 1 (Arabidopsis thaliana)	41496	39145	FALSE	TRUE	downstream	39145
Chr8	17943390	2.0958577728663186e-5	4.0514267641320264e-7	1	17897834	17900797	-	Sdiv_ptg000005l_0079-R	Similar to PUB52: U-box domain-containing protein 52 (Arabidopsis thaliana)	45556	42593	FALSE	TRUE	downstream	42593
Chr8	17943390	2.0958577728663186e-5	4.0514267641320264e-7	1	17890534	17893248	-	Sdiv_ptg000005l_0080-R	Similar to MBD2: Methyl-CpG-binding domain-containing protein 2 (Arabidopsis thaliana)	52856	50142	FALSE	TRUE	downstream	50142
Chr8	17943390	2.0958577728663186e-5	4.0514267641320264e-7	1	17887670	17889156	+	Sdiv_ptg000005l_0081-R	Protein of unknown function	55720	54234	FALSE	TRUE	downstream	54234
Chr8	17943390	2.0958577728663186e-5	4.0514267641320264e-7	1	17847056	17850731	-	Sdiv_ptg000005l_0082-R	Similar to EGY1: Probable zinc metalloprotease EGY1%2C chloroplastic (Arabidopsis thaliana)	96334	92659	FALSE	TRUE	downstream	92659
Chr8	17943390	2.0958577728663186e-5	4.0514267641320264e-7	1	17844766	17847212	+	Sdiv_ptg000005l_0083-R	Similar to ING2: PHD finger protein ING2 (Arabidopsis thaliana)	98624	96178	FALSE	TRUE	downstream	96178
Chr8	19020957	1.480276711419072e-5	1.868403315911426e-7	1	19023836	19026670	+	Sdiv_ptg000005l_0046-R	Similar to BZW2: eIF5-mimic protein 1 (Gallus gallus)	-2879	-5713	FALSE	TRUE	upstream	2879
Chr8	19020957	1.480276711419072e-5	1.868403315911426e-7	1	19027498	19030551	+	Sdiv_ptg000005l_0045-R	Similar to At5g36250: Probable protein phosphatase 2C 74 (Arabidopsis thaliana)	-6541	-9594	FALSE	TRUE	upstream	6541
Chr8	19020957	1.480276711419072e-5	1.868403315911426e-7	1	19041793	19044903	-	Sdiv_ptg000005l_0044-R	Similar to A36: Aspartic proteinase 36 (Arabidopsis thaliana)	-20836	-23946	FALSE	TRUE	upstream	20836
Chr8	19020957	1.480276711419072e-5	1.868403315911426e-7	1	19052560	19054226	-	Sdiv_ptg000005l_0043-R	Similar to RPS8: 40S ribosomal protein S8 (Oryza sativa subsp. japonica)	-31603	-33269	FALSE	TRUE	upstream	31603
Chr8	19020957	1.480276711419072e-5	1.868403315911426e-7	1	18972362	18975380	-	Sdiv_ptg000005l_0047-R	Similar to PRFB1: Peptide chain release factor PrfB1%2C chloroplastic (Arabidopsis thaliana)	48595	45577	FALSE	TRUE	downstream	45577
Chr8	19020957	1.480276711419072e-5	1.868403315911426e-7	1	18972693	18973068	+	Sdiv_ptg000005l_0048-R	Protein of unknown function	48264	47889	FALSE	TRUE	downstream	47889
Chr8	19020957	1.480276711419072e-5	1.868403315911426e-7	1	18947793	18950645	-	Sdiv_ptg000005l_0049-R	Similar to TAT: Tyrosine aminotransferase (Arabidopsis thaliana)	73164	70312	FALSE	TRUE	downstream	70312
Chr8	19020957	1.480276711419072e-5	1.868403315911426e-7	1	18945214	18948063	+	Sdiv_ptg000005l_0050-R	Similar to ESD4: Ubiquitin-like-specific protease ESD4 (Arabidopsis thaliana)	75743	72894	FALSE	TRUE	downstream	72894
Chr8	19020957	1.480276711419072e-5	1.868403315911426e-7	1	18914886	18922798	+	Sdiv_ptg000005l_0051-R	Similar to YAK1: Dual specificity protein kinase YAK1 homolog (Arabidopsis thaliana)	106071	98159	FALSE	TRUE	downstream	98159
Chr8	19020972	3.012127193635266e-5	8.827047774764713e-7	1	19023836	19026670	+	Sdiv_ptg000005l_0046-R	Similar to BZW2: eIF5-mimic protein 1 (Gallus gallus)	-2864	-5698	FALSE	TRUE	upstream	2864
Chr8	19020972	3.012127193635266e-5	8.827047774764713e-7	1	19027498	19030551	+	Sdiv_ptg000005l_0045-R	Similar to At5g36250: Probable protein phosphatase 2C 74 (Arabidopsis thaliana)	-6526	-9579	FALSE	TRUE	upstream	6526
Chr8	19020972	3.012127193635266e-5	8.827047774764713e-7	1	19041793	19044903	-	Sdiv_ptg000005l_0044-R	Similar to A36: Aspartic proteinase 36 (Arabidopsis thaliana)	-20821	-23931	FALSE	TRUE	upstream	20821
Chr8	19020972	3.012127193635266e-5	8.827047774764713e-7	1	19052560	19054226	-	Sdiv_ptg000005l_0043-R	Similar to RPS8: 40S ribosomal protein S8 (Oryza sativa subsp. japonica)	-31588	-33254	FALSE	TRUE	upstream	31588
Chr8	19020972	3.012127193635266e-5	8.827047774764713e-7	1	18972362	18975380	-	Sdiv_ptg000005l_0047-R	Similar to PRFB1: Peptide chain release factor PrfB1%2C chloroplastic (Arabidopsis thaliana)	48610	45592	FALSE	TRUE	downstream	45592
Chr8	19020972	3.012127193635266e-5	8.827047774764713e-7	1	18972693	18973068	+	Sdiv_ptg000005l_0048-R	Protein of unknown function	48279	47904	FALSE	TRUE	downstream	47904
Chr8	19020972	3.012127193635266e-5	8.827047774764713e-7	1	18947793	18950645	-	Sdiv_ptg000005l_0049-R	Similar to TAT: Tyrosine aminotransferase (Arabidopsis thaliana)	73179	70327	FALSE	TRUE	downstream	70327
Chr8	19020972	3.012127193635266e-5	8.827047774764713e-7	1	18945214	18948063	+	Sdiv_ptg000005l_0050-R	Similar to ESD4: Ubiquitin-like-specific protease ESD4 (Arabidopsis thaliana)	75758	72909	FALSE	TRUE	downstream	72909
Chr8	19020972	3.012127193635266e-5	8.827047774764713e-7	1	18914886	18922798	+	Sdiv_ptg000005l_0051-R	Similar to YAK1: Dual specificity protein kinase YAK1 homolog (Arabidopsis thaliana)	106086	98174	FALSE	TRUE	downstream	98174
Chr8	19547316	7.534483858805624e-6	3.835083000377044e-8	1	19536871	19545567	+	Sdiv_ptg000005l_0026-R	Protein of unknown function	10445	1749	FALSE	TRUE	downstream	1749
Chr8	19547316	7.534483858805624e-6	3.835083000377044e-8	1	19561673	19564364	-	Sdiv_ptg000005l_0025-R	Protein of unknown function	-14357	-17048	FALSE	TRUE	upstream	14357
Chr8	19547316	7.534483858805624e-6	3.835083000377044e-8	1	19515628	19526173	+	Sdiv_ptg000005l_0027-R	Similar to CAT3: Cationic amino acid transporter 3%2C mitochondrial (Arabidopsis thaliana)	31688	21143	FALSE	TRUE	downstream	21143
Chr8	19547316	7.534483858805624e-6	3.835083000377044e-8	1	19517799	19524024	-	Sdiv_ptg000005l_0028-R	Protein of unknown function	29517	23292	FALSE	TRUE	downstream	23292
Chr8	19547316	7.534483858805624e-6	3.835083000377044e-8	1	19505751	19509971	-	Sdiv_ptg000005l_0029-R	Similar to BGLU42: Beta-glucosidase 42 (Arabidopsis thaliana)	41565	37345	FALSE	TRUE	downstream	37345
Chr8	19547316	7.534483858805624e-6	3.835083000377044e-8	1	19488776	19489833	-	Sdiv_ptg000005l_0030-R	Protein of unknown function	58540	57483	FALSE	TRUE	downstream	57483
Chr8	19547316	7.534483858805624e-6	3.835083000377044e-8	1	19613830	19614450	+	Sdiv_ptg000005l_0024-R	Protein of unknown function	-66514	-67134	FALSE	TRUE	upstream	66514
Chr8	19547316	7.534483858805624e-6	3.835083000377044e-8	1	19460121	19465388	-	Sdiv_ptg000005l_0031-R	Similar to ACS: Acetyl-coenzyme A synthetase%2C chloroplastic/glyoxysomal (Arabidopsis thaliana)	87195	81928	FALSE	TRUE	downstream	81928
Chr8	19547316	7.534483858805624e-6	3.835083000377044e-8	1	19458644	19459987	-	Sdiv_ptg000005l_0032-R	Similar to REM3: B3 domain-containing protein REM3 (Arabidopsis thaliana)	88672	87329	FALSE	TRUE	downstream	87329
Chr9	14160330	2.0324167420484784e-5	3.7876562318945035e-7	1	14161405	14163440	+	Sdiv_ptg000007l_0536-R	Similar to DFRA: Dihydroflavonol 4-reductase (Arabidopsis thaliana)	-1075	-3110	FALSE	TRUE	upstream	1075
Chr9	14160330	2.0324167420484784e-5	3.7876562318945035e-7	1	14176929	14179734	+	Sdiv_ptg000007l_0537-R	Similar to PAF1: Proteasome subunit alpha type-1-A (Arabidopsis thaliana)	-16599	-19404	FALSE	TRUE	upstream	16599
Chr9	14160330	2.0324167420484784e-5	3.7876562318945035e-7	1	14193539	14196361	-	Sdiv_ptg000007l_0538-R	Similar to DDB_G0281937: 7-methyl-GTP pyrophosphatase (Dictyostelium discoideum)	-33209	-36031	FALSE	TRUE	upstream	33209
Chr9	14160330	2.0324167420484784e-5	3.7876562318945035e-7	1	14124053	14126755	-	Sdiv_ptg000007l_0535-R	Similar to IPK1: Inositol-pentakisphosphate 2-kinase (Arabidopsis thaliana)	36277	33575	FALSE	TRUE	downstream	33575
Chr9	14160330	2.0324167420484784e-5	3.7876562318945035e-7	1	14197742	14198921	+	Sdiv_ptg000007l_0539-R	Protein of unknown function	-37412	-38591	FALSE	TRUE	upstream	37412
Chr9	14160330	2.0324167420484784e-5	3.7876562318945035e-7	1	14121771	14122622	+	Sdiv_ptg000007l_0534-R	Similar to U2AF35B: Splicing factor U2af small subunit B (Arabidopsis thaliana)	38559	37708	FALSE	TRUE	downstream	37708
Chr9	14160330	2.0324167420484784e-5	3.7876562318945035e-7	1	14121206	14121767	+	Sdiv_ptg000007l_0533-R	Protein of unknown function	39124	38563	FALSE	TRUE	downstream	38563
Chr9	14160330	2.0324167420484784e-5	3.7876562318945035e-7	1	14199310	14200464	-	Sdiv_ptg000007l_0540-R	Similar to Franean1_4929: Putative S-adenosyl-L-methionine-dependent methyltransferase Franean1_4929 (Frankia sp. (strain EAN1pec))	-38980	-40134	FALSE	TRUE	upstream	38980
Chr9	14160330	2.0324167420484784e-5	3.7876562318945035e-7	1	14199565	14200551	+	Sdiv_ptg000007l_0541-R	Protein of unknown function	-39235	-40221	FALSE	TRUE	upstream	39235
Chr9	14160330	2.0324167420484784e-5	3.7876562318945035e-7	1	14108644	14110505	-	Sdiv_ptg000007l_0532-R	Similar to At3g50280: Uncharacterized acetyltransferase At3g50280 (Arabidopsis thaliana)	51686	49825	FALSE	TRUE	downstream	49825
Chr9	14160330	2.0324167420484784e-5	3.7876562318945035e-7	1	14099400	14099501	+	Sdiv_ptg000007l_0531-R	Protein of unknown function	60930	60829	FALSE	TRUE	downstream	60829
Chr9	14160330	2.0324167420484784e-5	3.7876562318945035e-7	1	14098673	14099290	+	Sdiv_ptg000007l_0530-R	Similar to At5g42850: Thioredoxin-like protein Clot (Arabidopsis thaliana)	61657	61040	FALSE	TRUE	downstream	61040
Chr9	14160330	2.0324167420484784e-5	3.7876562318945035e-7	1	14224550	14226466	-	Sdiv_ptg000007l_0542-R	Similar to PNSB2: Photosynthetic NDH subunit of subcomplex B 2%2C chloroplastic (Arabidopsis thaliana)	-64220	-66136	FALSE	TRUE	upstream	64220
Chr9	14160330	2.0324167420484784e-5	3.7876562318945035e-7	1	14226834	14227175	+	Sdiv_ptg000007l_0543-R	Protein of unknown function	-66504	-66845	FALSE	TRUE	upstream	66504
Chr9	16892247	2.1093774608079285e-5	4.1087781168203854e-7	1	16887414	16887812	-	Sdiv_ptg000007l_0894-R	Similar to CLE16: CLAVATA3/ESR (CLE)-related protein 16 (Arabidopsis thaliana)	4833	4435	FALSE	TRUE	downstream	4435
Chr9	16892247	2.1093774608079285e-5	4.1087781168203854e-7	1	16904275	16905474	+	Sdiv_ptg000007l_0895-R	Similar to MLP328: MLP-like protein 328 (Arabidopsis thaliana)	-12028	-13227	FALSE	TRUE	upstream	12028
Chr9	16892247	2.1093774608079285e-5	4.1087781168203854e-7	1	16871173	16878154	+	Sdiv_ptg000007l_0893-R	Similar to ESMD1: Protein ESMERALDA 1 (Arabidopsis thaliana)	21074	14093	FALSE	TRUE	downstream	14093
Chr9	16892247	2.1093774608079285e-5	4.1087781168203854e-7	1	16907456	16908686	-	Sdiv_ptg000007l_0896-R	Similar to CAR10: Protein C2-DOMAIN ABA-RELATED 10 (Arabidopsis thaliana)	-15209	-16439	FALSE	TRUE	upstream	15209
Chr9	16892247	2.1093774608079285e-5	4.1087781168203854e-7	1	16914492	16916357	-	Sdiv_ptg000007l_0897-R	Similar to RGA2: DELLA protein RGA2 (Brassica campestris)	-22245	-24110	FALSE	TRUE	upstream	22245
Chr9	16892247	2.1093774608079285e-5	4.1087781168203854e-7	1	16865830	16868497	-	Sdiv_ptg000007l_0892-R	Similar to STL2P: SEC12-like protein 2 (Arabidopsis thaliana)	26417	23750	FALSE	TRUE	downstream	23750
Chr9	16892247	2.1093774608079285e-5	4.1087781168203854e-7	1	16859734	16865749	+	Sdiv_ptg000007l_0891-R	Similar to udkC: Uridine-cytidine kinase C (Dictyostelium discoideum)	32513	26498	FALSE	TRUE	downstream	26498
Chr9	16892247	2.1093774608079285e-5	4.1087781168203854e-7	1	16853405	16856626	-	Sdiv_ptg000007l_0890-R	Similar to MPK17: Mitogen-activated protein kinase 17 (Arabidopsis thaliana)	38842	35621	FALSE	TRUE	downstream	35621
Chr9	16892247	2.1093774608079285e-5	4.1087781168203854e-7	1	16930273	16931182	+	Sdiv_ptg000007l_0898-R	Similar to CRR3: Probable NAD(P)H dehydrogenase subunit CRR3%2C chloroplastic (Arabidopsis thaliana)	-38026	-38935	FALSE	TRUE	upstream	38026
Chr9	16892247	2.1093774608079285e-5	4.1087781168203854e-7	1	16846912	16852942	-	Sdiv_ptg000007l_0889-R	Similar to RECG: ATP-dependent DNA helicase homolog RECG%2C chloroplastic (Arabidopsis thaliana)	45335	39305	FALSE	TRUE	downstream	39305
Chr9	16892247	2.1093774608079285e-5	4.1087781168203854e-7	1	16932245	16941664	+	Sdiv_ptg000007l_0899-R	Similar to At2g01600: Putative clathrin assembly protein At2g01600 (Arabidopsis thaliana)	-39998	-49417	FALSE	TRUE	upstream	39998
Chr9	16892247	2.1093774608079285e-5	4.1087781168203854e-7	1	16841138	16843851	-	Sdiv_ptg000007l_0888-R	Similar to ATHB-17: Homeobox-leucine zipper protein ATHB-17 (Arabidopsis thaliana)	51109	48396	FALSE	TRUE	downstream	48396
Chr9	16892247	2.1093774608079285e-5	4.1087781168203854e-7	1	16942283	16943319	+	Sdiv_ptg000007l_0900-R	Similar to HMGA: HMG-Y-related protein A (Arabidopsis thaliana)	-50036	-51072	FALSE	TRUE	upstream	50036
Chr9	16892247	2.1093774608079285e-5	4.1087781168203854e-7	1	16835223	16838080	-	Sdiv_ptg000007l_0887-R	Similar to PIN4: Auxin efflux carrier component 4 (Arabidopsis thaliana)	57024	54167	FALSE	TRUE	downstream	54167
Chr9	16892247	2.1093774608079285e-5	4.1087781168203854e-7	1	16950950	16953565	-	Sdiv_ptg000007l_0901-R	Similar to At2g01630: Glucan endo-1%2C3-beta-glucosidase 3 (Arabidopsis thaliana)	-58703	-61318	FALSE	TRUE	upstream	58703
Chr9	16892247	2.1093774608079285e-5	4.1087781168203854e-7	1	16827134	16829570	+	Sdiv_ptg000007l_0886-R	Protein of unknown function	65113	62677	FALSE	TRUE	downstream	62677
Chr9	16892247	2.1093774608079285e-5	4.1087781168203854e-7	1	16956510	16958513	-	Sdiv_ptg000007l_0902-R	Similar to PUX2: Plant UBX domain-containing protein 2 (Arabidopsis thaliana)	-64263	-66266	FALSE	TRUE	upstream	64263
Chr9	16892247	2.1093774608079285e-5	4.1087781168203854e-7	1	16824255	16825672	-	Sdiv_ptg000007l_0885-R	Similar to QPT: Nicotinate-nucleotide pyrophosphorylase [carboxylating]%2C chloroplastic (Arabidopsis thaliana)	67992	66575	FALSE	TRUE	downstream	66575
Chr9	16892247	2.1093774608079285e-5	4.1087781168203854e-7	1	16822765	16824550	+	Sdiv_ptg000007l_0884-R	Similar to At1g66480: Uncharacterized protein At1g66480 (Arabidopsis thaliana)	69482	67697	FALSE	TRUE	downstream	67697
Chr9	16892247	2.1093774608079285e-5	4.1087781168203854e-7	1	16963845	16965471	-	Sdiv_ptg000007l_0903-R	Similar to NUDT17: Nudix hydrolase 17%2C mitochondrial (Arabidopsis thaliana)	-71598	-73224	FALSE	TRUE	upstream	71598
Chr9	16892247	2.1093774608079285e-5	4.1087781168203854e-7	1	16812972	16819870	-	Sdiv_ptg000007l_0883-R	Similar to ABCG7: ABC transporter G family member 7 (Arabidopsis thaliana)	79275	72377	FALSE	TRUE	downstream	72377
Chr9	16892247	2.1093774608079285e-5	4.1087781168203854e-7	1	16973238	16975788	+	Sdiv_ptg000007l_0904-R	Similar to At2g01680: Ankyrin repeat-containing protein At2g01680 (Arabidopsis thaliana)	-80991	-83541	FALSE	TRUE	upstream	80991
Chr9	16892247	2.1093774608079285e-5	4.1087781168203854e-7	1	16807186	16810545	-	Sdiv_ptg000007l_0882-R	Similar to RPI2: Probable ribose-5-phosphate isomerase 2 (Arabidopsis thaliana)	85061	81702	FALSE	TRUE	downstream	81702
Chr9	16892247	2.1093774608079285e-5	4.1087781168203854e-7	1	16976437	16981156	-	Sdiv_ptg000007l_0905-R	Similar to VAC14: Protein VAC14 homolog (Arabidopsis thaliana)	-84190	-88909	FALSE	TRUE	upstream	84190
Chr9	16892247	2.1093774608079285e-5	4.1087781168203854e-7	1	16804031	16807268	+	Sdiv_ptg000007l_0881-R	Similar to QSOX2: Sulfhydryl oxidase 2 (Arabidopsis thaliana)	88216	84979	FALSE	TRUE	downstream	84979
Chr9	16892247	2.1093774608079285e-5	4.1087781168203854e-7	1	16801749	16803548	-	Sdiv_ptg000007l_0880-R	Similar to PAPS1: Nuclear poly(A) polymerase 1 (Arabidopsis thaliana)	90498	88699	FALSE	TRUE	downstream	88699
Chr9	16892247	2.1093774608079285e-5	4.1087781168203854e-7	1	16983669	16984568	+	Sdiv_ptg000007l_0906-R	Similar to HLJ1: Protein HLJ1 (Saccharomyces cerevisiae (strain ATCC 204508 / S288c))	-91422	-92321	FALSE	TRUE	upstream	91422
Chr9	16892247	2.1093774608079285e-5	4.1087781168203854e-7	1	16797517	16800080	-	Sdiv_ptg000007l_0879-R	Protein of unknown function	94730	92167	FALSE	TRUE	downstream	92167
Chr9	16892247	2.1093774608079285e-5	4.1087781168203854e-7	1	16987279	16990660	-	Sdiv_ptg000007l_0907-R	Similar to OST1B: Dolichyl-diphosphooligosaccharide--protein glycosyltransferase subunit 1B (Arabidopsis thaliana)	-95032	-98413	FALSE	TRUE	upstream	95032
Chr9	16892247	2.1093774608079285e-5	4.1087781168203854e-7	1	16795636	16797141	+	Sdiv_ptg000007l_0878-R	Similar to RPL7B: 60S ribosomal protein L7-2 (Arabidopsis thaliana)	96611	95106	FALSE	TRUE	downstream	95106
Chr9	16892247	2.1093774608079285e-5	4.1087781168203854e-7	1	16990941	16994350	+	Sdiv_ptg000007l_0908-R	Similar to CPSF73-II: Cleavage and polyadenylation specificity factor subunit 3-II (Arabidopsis thaliana)	-98694	-102103	FALSE	TRUE	upstream	98694
