block ,bed ,bed-row ,bed-col ,pop ,mf ,rep ,height.cm ,long.leaf.cm ,herbiv.y.n ,survey-notes 
A ,A ,1,A ,TM2 ,6,11,20.4,0.9,Y ,
A ,A ,1,B ,LVTR1 ,7,1,,,,Dead 
A ,A ,2,A ,SQ2 ,6,14,,,,Dead 
A ,A ,2,B ,YO8 ,8,3,,,,Dead 
A ,A ,3,A ,CC ,2,3,9.1,2,Y ,
A ,A ,3,B ,YO11 ,5,14,,,,Dead 
A ,A ,4,A ,BH ,6,3,,,,Dead 
A ,A ,4,B ,DPR ,4,8,,,,Dead 
A ,A ,5,A ,CP2 ,5,1,2.6,2,Y ,
A ,A ,5,B ,LVTR1 ,3,12,,,,Dead 
A ,A ,6,A ,CC ,5,3,5.3,1.8,Y ,
A ,A ,6,B ,CC ,3,3,9.6,2.5,Y ,
A ,A ,7,A ,WL1 ,2,8,,,,Dead 
A ,A ,7,B ,IH ,5,3,5.7,3,Y ,
A ,A ,8,A ,DPR ,6,15,,,,Dead 
A ,A ,8,B ,CP3 ,5,9,2.4,0.8,Y ,
A ,A ,9,A ,SC ,6,3,,,,Dead 
A ,A ,9,B ,SQ2 ,8,9,2.3,N/A ,Y ,no leaves 
A ,A ,10,A ,FR ,4,2,,,,Dead 
A ,A ,10,B ,CP2 ,3,1,,,,Dead 
A ,A ,11,A ,YO8 ,2,12,,,,Dead 
A ,A ,11,B ,LV3 ,7,9,,,,Dead 
A ,A ,12,A ,YO7 ,5,11,,,,Dead 
A ,A ,12,B ,TM2 ,7,20,,,,Dead 
A ,A ,13,A ,YO7 ,7,12,,,,Dead 
A ,A ,13,B ,YO8 ,1,12,,,,Dead 
A ,A ,14,A ,WV ,4,8,,,,Dead 
A ,A ,14,B ,CP3 ,6,9,,,,Dead 
A ,A ,15,A ,DPR ,1,8,,,,Dead 
A ,A ,15,B ,YO11 ,7,9,2.2,N/A ,Y ,no leaves 
A ,A ,16,A ,CP2 ,4,1,2.8,N/A ,Y ,no leaves 
A ,A ,16,B ,BH ,3,3,6.3,5.1,Y ,
A ,A ,17,A ,BH ,7,3,8.4,4.4,Y ,
A ,A ,17,B ,YO11 ,5,9,2.9,1.2,Y ,dying 
A ,A ,18,A ,BH ,4,3,7.6,5,Y ,
A ,A ,18,B ,LVTR1 ,8,17,1.7,N/A ,Y ,just stem 
A ,A ,19,A ,SQ3 ,4,7,1.3,0.3,Y ,resprouting stem 
A ,A ,19,B ,YO11 ,8,9,,,,Dead 
A ,A ,20,A ,CC ,9,3,10,2.9,Y ,
A ,A ,20,B ,WL2 ,8,9,3.4,0.7,Y ,resprout stem 
A ,A ,21,A ,CP2 ,6,5,3.1,N/A ,Y ,no leaves 
A ,A ,21,B ,LVTR1 ,8,4,2.5,N/A ,Y ,no leaves 
A ,A ,22,A ,LVTR1 ,2,1,,,,Dead 
A ,A ,22,B ,IH ,6,3,4.8,2.7,Y ,
A ,A ,23,A ,FR ,7,3,9.4,0.9,Y ,dying 
A ,A ,23,B ,WL1 ,4,11,2.5,0.5,Y ,resprout 
A ,A ,24,A ,WL2 ,7,9,5,1.9,Y ,
A ,A ,24,B ,LV1 ,6,2,,,,Dead 
A ,A ,25,A ,YO4 ,1,13,6.3,N/A ,Y ,no leaves 
A ,A ,25,B ,SQ2 ,1,5,,,,
A ,A ,26,A ,YO8 ,4,6,,,,
A ,A ,26,B ,CP3 ,2,9,0.7,N/A ,Y ,no leaves 
A ,A ,27,A ,BH ,5,3,,,,Dead 
A ,A ,27,B ,DPR ,4,14,,,,Dead 
A ,A ,28,A ,YO7 ,5,15,,,,Dead 
A ,A ,28,B ,YO11 ,4,2,,,,Dead 
A ,A ,29,A ,YO8 ,3,12,,,,Dead 
A ,A ,29,B ,WL2 ,3,9,,,,Dead 
A ,A ,30,A ,TM2 ,1,2,,,,Dead 
A ,A ,30,B ,DPR ,3,8,,,,Dead 
A ,A ,31,A ,WL2 ,3,10,3.7,1,Y ,
A ,A ,31,B ,YO7 ,1,10,,,,Dead 
B ,A ,32,A ,LVTR1 ,2,2,,,,Dead 
B ,A ,32,B ,IH ,7,4,12.1,5,Y ,
B ,A ,33,A ,FR ,1,12,,,,Dead 
B ,A ,33,B ,WL1 ,7,17,,,,Dead 
B ,A ,34,A ,YO11 ,1,10,,,,Dead 
B ,A ,34,B ,CP2 ,5,2,,,,Dead 
B ,A ,35,A ,SC ,8,4,7.9,4.2,Y ,
B ,A ,35,B ,BH ,4,4,,,,Dead 
B ,A ,36,A ,BH ,3,4,8.3,6.5,Y ,
B ,A ,36,B ,LVTR1 ,7,2,,,,Dead 
B ,A ,37,A ,WR ,2,2,,,,Dead 
B ,A ,37,B ,WL2 ,8,10,6.1,N/A ,Y ,no leaves 
B ,A ,38,A ,FR ,4,3,,,,Dead 
B ,A ,38,B ,CP3 ,3,10,,,,Dead 
B ,A ,39,A ,LVTR1 ,3,8,,,,Dead 
B ,A ,39,B ,WL2 ,7,10,8.5,1.21,Y ,
B ,A ,40,A ,DPR ,4,9,5.9,0.7,Y ,
B ,A ,40,B ,BH ,5,4,11.2,5.5,Y ,
B ,A ,41,A ,NA ,NA ,NA ,,,,
B ,A ,41,B ,NA ,NA ,NA ,,,,
B ,A ,42,A ,IH ,3,4,11.2,5.4,Y ,
B ,A ,42,B ,CP2 ,3,2,3.4,N/A ,Y ,no leaves 
B ,A ,43,A ,TM2 ,6,1,38.2,1.1,Y ,
B ,A ,43,B ,WL1 ,3,6,3.5,N/A ,Y ,no leaves 
B ,A ,44,A ,DPR ,1,9,,,,Dead 
B ,A ,44,B ,LV1 ,2,3,,,,Dead 
B ,A ,45,A ,CP3 ,5,10,,,,Dead 
B ,A ,45,B ,IH ,2,4,13.2,6,Y ,
B ,A ,46,A ,CP3 ,4,10,1.5,1,Y ,
B ,A ,46,B ,TM2 ,3,11,23.6,4.4,Y ,
B ,A ,47,A ,SQ3 ,5,4,1.2,N/A ,Y ,no leaves 
B ,A ,47,B ,YO11 ,6,14,,,,Dead 
B ,A ,48,A ,CC ,2,4,,,,Dead 
B ,A ,48,B ,YO8 ,2,13,,,,Dead 
B ,A ,49,A ,YO7 ,7,23,3.3,1.3,Y ,
B ,A ,49,B ,DPR ,8,19,,,,Dead 
B ,A ,50,A ,SQ3 ,3,2,1.5,N/A ,Y ,no leaves 
B ,A ,50,B ,LV1 ,6,3,,,,Dead 
B ,A ,51,A ,LV1 ,5,3,,,,Dead 
B ,A ,51,B ,CP2 ,7,9,,,,Dead 
B ,A ,52,A ,LV3 ,6,9,,,,Dead 
B ,A ,52,B ,WL1 ,7,6,1.6,0.5,Y ,
B ,A ,53,A ,CC ,4,4,10.4,3.3,Y ,
B ,A ,53,B ,BH ,7,4,6.4,3.8,Y ,
B ,A ,54,A ,YO8 ,6,4,,,,Dead 
B ,A ,54,B ,FR ,7,4,,,,Dead 
B ,A ,55,A ,SQ2 ,6,24,,,,Dead 
B ,A ,55,B ,LV1 ,8,3,,,,Dead 
B ,A ,56,A ,SQ2 ,8,10,3.2,0.8,Y ,
B ,A ,56,B ,TM2 ,2,12,22.4,1,Y ,
B ,A ,57,A ,YO11 ,7,10,,,,Dead 
B ,A ,57,B ,YO11 ,6,10,,,,Dead 
B ,A ,58,A ,YO8 ,1,13,3.2,1.2,Y ,
B ,A ,58,B ,LVTR1 ,6,2,,,,Dead 
B ,A ,59,A ,WL2 ,5,10,6.2,1.3,Y ,
B ,A ,59,B ,WL1* ,buffer ,buffer ,,,,
B ,A ,60,A ,WL1* ,buffer ,buffer ,,,,
A ,A ,1,C ,SC ,5,15,,,,
A ,A ,1,D ,DPR ,6,2,,,,
A ,A ,2,C ,CP2 ,2,1,,,,
A ,A ,2,D ,WL2 ,1,9,,,,
A ,A ,3,C ,CP3 ,4,9,,,,
A ,A ,3,D ,LV1 ,5,2,,,,
A ,A ,4,C ,IH ,4,3,,,,
A ,A ,4,D ,SQ2 ,6,9,,,,
A ,A ,5,C ,LV3 ,5,12,,,,
A ,A ,5,D ,TM2 ,2,2,,,,
A ,A ,6,C ,YO8 ,6,3,,,,
A ,A ,6,D ,WL2 ,6,9,,,,
A ,A ,7,C ,WL2 ,5,9,,,,
A ,A ,7,D ,BH ,1,3,,,,
A ,A ,8,C ,LV1 ,4,2,,,,
A ,A ,8,D ,TM2 ,7,8,,,,
A ,A ,9,C ,CC ,4,3,,,,
A ,A ,9,D ,SQ3 ,6,6,,,,
A ,A ,10,C ,LVTR1 ,5,4,,,,
A ,A ,10,D ,CP3 ,1,8,,,,
A ,A ,11,C ,IH ,2,3,,,,
A ,A ,11,D ,WR ,2,7,,,,
A ,A ,12,C ,LV1 ,3,2,,,,
A ,A ,12,D ,YO7 ,2,2,,,,
A ,A ,13,C ,YO11 ,6,9,,,,
A ,A ,13,D ,SQ1 ,6,10,,,,
A ,A ,14,C ,IH ,7,3,,,,
A ,A ,14,D ,CC ,8,3,8.3,3,Y ,
A ,A ,15,C ,CC ,1,3,5.7,4.1,Y ,
A ,A ,15,D ,WL2 ,2,9,,,,
A ,A ,16,C ,YO4 ,2,4,,,,
A ,A ,16,D ,SC ,2,3,,,,
A ,A ,17,C ,LV1 ,2,2,,,,
A ,A ,17,D ,BH ,2,3,8.2,4.8,Y ,
A ,A ,18,C ,CP2 ,1,1,,,,
A ,A ,18,D ,YO7 ,4,2,,,,no plant 
A ,A ,19,C ,CP3 ,3,9,1.3,,Y ,resprout leaf small 
A ,A ,19,D ,SQ3 ,2,13,,,,
A ,A ,20,C ,YO11 ,1,9,0.8,,Y ,bare stem 
A ,A ,20,D ,LV1 ,8,2,,,,
A ,A ,21,C ,SQ1 ,2,5,,,,
A ,A ,21,D ,IH ,3,3,7.1,0.9,Y ,
A ,A ,22,C ,LVTR1 ,6,1,,,,
A ,A ,22,D ,SC ,8,3,4.4,4.3,Y ,
A ,A ,23,C ,LV1 ,1,2,,,,
A ,A ,23,D ,TM2 ,3,3,22.2,1.1,Y ,
A ,A ,24,C ,SC ,5,3,,,,
A ,A ,24,D ,DPR ,8,12,,,,
A ,A ,25,C ,SC ,2,25,,,,
A ,A ,25,D ,CP3 ,7,10,,,,
A ,A ,26,C ,WL1 ,7,5,,,,
A ,A ,26,D ,YO7 ,6,12,,,,
A ,A ,27,C ,YO7 ,7,18,,,,
A ,A ,27,D ,YO4 ,5,1,2.8,,Y ,bare stem 
A ,A ,28,C ,SC ,4,3,,,,
A ,A ,28,D ,TM2 ,5,4,,,,
A ,A ,29,C ,CP2 ,7,8,,,,
A ,A ,29,D ,YO8 ,5,3,,,,
A ,A ,30,C ,FR ,2,2,,,,
A ,A ,30,D ,NA ,NA ,NA ,,,,
A ,A ,31,C ,YO7 ,6,17,,,,
A ,A ,31,D ,IH ,1,3,,,,
B ,A ,32,C ,SC ,5,4,,,,
B ,A ,32,D ,YO8 ,5,4,,,,
B ,A ,33,C ,SQ1 ,14,10,,,,
B ,A ,33,D ,CP3 ,2,4,1.5,0.4,Y ,
B ,A ,34,C ,DPR ,1,14,,,,
B ,A ,34,D ,SQ2 ,6,10,,,,
B ,A ,35,C ,CP2 ,4,2,,,,
B ,A ,35,D ,CP3 ,7,13,,,,
B ,A ,36,C ,SC ,2,4,5.9,3.2,Y ,
B ,A ,36,D ,LV1 ,3,3,,,,
B ,A ,37,C ,WL1 ,9,3,,,,
B ,A ,37,D ,BH ,1,4,2.2,3.4,Y ,
B ,A ,38,C ,CP3 ,6,10,,,,
B ,A ,38,D ,LVTR1 ,5,6,,,,
B ,A ,39,C ,WL2 ,1,10,,,,
B ,A ,39,D ,LV1 ,4,3,,,,
B ,A ,40,C ,YO7 ,6,13,,,,
B ,A ,40,D ,WL2 ,2,10,4.9,0.7,Y ,resprout 
B ,A ,41,C ,TM2 ,7,9,,,,
B ,A ,41,D ,LV3 ,5,13,,,,
B ,A ,42,C ,NA ,NA ,NA ,,,,
B ,A ,42,D ,NA ,NA ,NA ,,,,
B ,A ,43,C ,CP2 ,2,2,,,,
B ,A ,43,D ,FR ,5,10,1.1,,Y ,bare stem 
B ,A ,44,C ,TM2 ,6,3,38.7,0.9,Y ,
B ,A ,44,D ,BH ,6,4,5.2,2.6,Y ,resprout 
B,A ,45,C ,YO4 ,2,5,,,,
B ,A ,45,D ,SC ,4,4,7.2,4.7,Y ,looks great 
B ,A ,46,C ,CP3 ,1,9,,,,
B ,A ,46,D ,SQ1 ,5,10,3.3,3.2,Y ,
B ,A ,47,C ,LVTR1 ,8,24,,,,
B ,A ,47,D ,CC ,1,4,,,,
B ,A ,48,C ,CP2 ,3,14,0.8,,Y ,bare stem 
B,A ,48,D ,CC ,8,4,14.8,3.9,Y ,
B ,A ,49,C ,CC ,9,4,10.7,3.4,Y ,
B ,A ,49,D ,CP2 ,1,2,,,,
B ,A ,50,C ,SQ2 ,4,13,,,,
B ,A ,50,D ,IH ,6,4,5.6,4,Y ,
B ,A ,51,C ,SQ2 ,1,8,,,,
B ,A ,51,D ,SC ,6,4,,,,
B,A ,52,C ,YO11 ,8,10,,,,
B ,A ,52,D ,YO8 ,4,5,,,,
B ,A ,53,C ,YO4 ,6,11,1,,Y ,bare stem 
B ,A ,53,D ,WR ,2,23,,,,
B ,A ,54,C ,LV1 ,1,3,,,,
B ,A ,54,D ,YO11 ,5,10,,,,
B ,A ,55,C ,YO7 ,5,12,,,,
B,A ,55,D ,YO4 ,3,7,,,,
B ,A ,56,C ,IH ,1,4,11.5,5.1,Y ,
B ,A ,56,D ,CC ,3,4,14.2,3.9,Y ,
B ,A ,57,C ,CC ,5,4,11.2,4.6,Y ,
B ,A ,57,D ,YO11 ,4,13,1.9,1.1,Y ,
B ,A ,58,C ,LVTR1 ,8,5,,,,
B ,A ,58,D ,YO7 ,7,13,2.1,1.8,Y ,
B ,A ,59,C ,WL1* ,buffer ,buffer ,,,,
B ,A ,59,D ,WL1* ,buffer ,buffer ,,,,
B ,A ,60,C ,NA ,NA ,NA ,,,,
D ,B ,1,A ,NA ,NA ,NA ,,,,
D ,B ,1,B ,NA ,NA ,NA ,,,,
D ,B ,2,A ,NA ,NA ,NA ,,,,
D ,B ,2,B ,NA ,NA ,NA ,,,,
D ,B ,3,A ,NA ,NA ,NA ,,,,
D ,B ,3,B ,NA ,NA ,NA ,,,,
D ,B ,4,A ,CP3 ,6,12,,,,Dead 
D ,B ,4,B ,BH ,5,6,,,,Dead 
D ,B ,5,A ,DPR ,6,5,,,,Dead 
D ,B ,5,B ,SC ,2,6,,,,Dead 
D ,B ,6,A ,SQ2 ,8,12,,,,Dead 
D ,B ,6,B ,WL2 ,6,12,,,,Dead 
D ,B ,7,A ,LV3 ,5,2,,,,Dead 
D ,B ,7,B ,FR ,6,11,,,,
D ,B ,8,A ,YO7 ,7,2,,,,
D ,B ,8,B ,TM2 ,2,8,,,,
D ,B ,9,A ,SC ,4,6,,,,
D ,B ,9,B ,YO8 ,2,2,,,,
D ,B ,10,A ,CP2 ,4,4,,,,
D ,B ,10,B ,YO8 ,8,6,,,,
D ,B ,11,A ,SC ,8,14,,,,
D ,B ,11,B ,TM2 ,1,5,,,,
D ,B ,12,A ,SC ,2,17,,,,
D ,B ,12,B ,YO11 ,8,12,,,,
D ,B ,13,A ,YO11 ,7,12,,,,
D ,B ,13,B ,SQ1 ,6,8,,,,
D ,B ,14,A ,WL2 ,5,12,,,,
D ,B ,14,B ,YO11 ,6,12,,,,
D ,B ,15,A ,YO7 ,7,20,,,,
D ,B ,15,B ,YO11 ,1,12,,,,
D ,B ,16,A ,DPR ,3,11,,,,
D ,B ,16,B ,LV1 ,8,5,,,,
D ,B ,17,A ,IH ,3,6,7.7,5.1,Y ,
D ,B ,17,B ,YO7 ,4,9,,,,
D ,B ,18,A ,LVTR1 ,2,4,,,,
D ,B ,18,B ,LV1 ,2,5,,,,
D ,B ,19,A ,LVTR1 ,6,4,,,,Dead 
D ,B ,19,B ,FR ,7,6,,,,Dead 
D ,B ,20,A ,WL2 ,7,12,,,,Dead 
D ,B ,20,B ,WL2 ,8,12,,,,Dead 
D ,B ,21,A ,WL2 ,1,12,,,,Dead 
D ,B ,21,B ,LV1 ,5,5,,,,Dead 
C ,B ,22,A ,IH ,3,5,13.1,5.4,Y ,
C ,B ,22,B ,IH ,4,5,,,,Dead 
C ,B ,23,A ,CC ,9,5,,,,Dead 
C ,B ,23,B ,YO11 ,3,5,,,,Dead 
C ,B ,24,A ,CP3 ,4,14,,,,Dead 
C ,B ,24,B ,WL1 ,4,1,2.5,N/A ,Y ,no leaves 
C ,B ,25,A ,IH ,6,5,12.3,6.1,Y ,
C ,B ,25,B ,CP3 ,5,11,,,,
C ,B ,26,A ,YO8 ,8,5,,,,
C ,B ,26,B ,TM2 ,5,9,,,,
C ,B ,27,A ,SQ3 ,1,9,,,,
C ,B ,27,B ,SQ2 ,8,11,,,,
C ,B ,28,A ,CC ,5,5,,,,
C ,B ,28,B ,TM2 ,2,1,,,,
C ,B ,29,A ,CP2 ,7,10,,,,Dead 
C ,B ,29,B ,WL2 ,6,11,1.6,N/A ,Y ,tiny resprout 
C ,B ,30,A ,DPR ,1,10,,,,Dead 
C ,B ,30,B ,SC ,2,5,,,,Dead 
C ,B ,31,A ,FR ,2,9,,,,Dead 
C ,B ,31,B ,SC ,8,5,,,,Dead 
C ,B ,32,A ,IH ,4,5,,,,no plant or tag 
C ,B ,32,B ,SQ3 ,6,5,2.5,N/A ,Y ,no leaves 
C ,B ,33,A ,WL2 ,5,11,2.6,N/A ,Y ,no leaves 
C ,B ,33,B ,BH ,6,5,,,,Dead 
C ,B ,34,A ,CP2 ,5,3,3.2,N/A ,Y ,
C ,B ,34,B ,YO11 ,7,11,,,,Dead 
C ,B ,35,A ,NA ,NA ,NA ,,,,
C ,B ,35,B ,WL1 ,7,7,1.8,N/A ,Y ,no leaves 
C ,B ,36,A ,TM2 ,3,9,,,,Dead 
C ,B ,36,B ,CP2 ,3,3,2.4,N/A ,Y ,no leaves 
C ,B ,37,A ,TM2 ,1,16,32.2,1.8,Y ,
C ,B ,37,B ,YO8 ,6,14,2,N/A ,Y ,no leaves 
C ,B ,38,A ,FR ,4,4,,,,Dead 
C ,B ,38,B ,SQ1 ,14,2,3.5,N/A ,Y ,
C ,B ,39,A ,CC ,8,5,,,,Dead 
C ,B ,39,B ,CP3 ,6,11,,,,Dead 
C ,B ,40,A ,WL2 ,2,11,3.6,0.4,Y ,
C ,B ,40,B ,LV1 ,8,4,,,,Dead 
C ,B ,41,A ,SC ,4,5,5.3,3.2,Y ,
C ,B ,41,B ,CP3 ,2,12,,,,Dead 
C ,B ,42,A ,BH ,2,5,7.3,5.7,Y ,top eaten 
C ,B ,42,B ,LV3 ,5,1,,,,Dead 
C ,B ,43,A ,BH ,5,5,11.9,7.1,Y ,
C ,B ,43,B ,LVTR1 ,2,3,,,,Dead 
C ,B ,44,A ,WL2 ,7,11,5.3,N/A ,Y ,no leaves 
C ,B ,44,B ,LV1 ,2,4,,,,Dead 
C ,B ,45,A ,YO8 ,6,5,,,,Dead 
C ,B ,45,B ,YO11 ,8,17,,,,Dead 
C ,B ,46,A ,WL1 ,4,10,2.2,N/A ,Y ,Via leaves 
C ,B ,46,B ,DPR ,7,6,6,0.5,Y ,resprout 
C ,B ,47,A ,SC ,2,16,6.8,4,Y ,
C ,B ,47,B ,LV1 ,5,4,,,,Dead 
C ,B ,48,A ,YO4 ,2,15,,,,Dead 
C ,B ,48,B ,LV1 ,6,4,,,,Dead 
C ,B ,49,A ,FR ,7,5,2.3,N/A ,Y ,no leaves 
C ,B ,49,B ,WR ,1,2,,,,Dead 
C ,B ,50,A ,SC ,5,5,13,5.6,Y ,
C ,B ,50,B ,CC ,1,5,12.5,3.6,Y ,
C ,B ,51,A ,YO11 ,8,11,,,,Dead 
C ,B ,51,B ,CC ,2,5,,,,Dead 
C ,B ,52,A ,DPR ,8,1,10.1,3,Y ,
C ,B ,52,B ,YO11 ,1,11,,,,Dead 
C ,B ,53,A ,WL1* ,buffer ,buffer ,,,,
C ,B ,53,B ,WL1* ,buffer ,buffer ,,,,
C ,B ,54,A ,NA ,NA ,NA ,,,,
C ,B ,54,B ,NA ,NA ,NA ,,,,
B ,B ,55,A ,WL1* ,buffer ,buffer ,,,,
B ,B ,55,B ,NA ,NA ,NA ,,,,
B ,B ,56,A ,SC ,6,15,8.2,5.1,Y ,
B ,B ,56,B ,WL1* ,buffer ,buffer ,,,,
B ,B ,57,A ,IH ,4,4,16.3,7.2,Y ,
B ,B ,57,B ,DPR ,8,13,,,,Dead 
B ,B ,58,A ,YO8 ,8,4,,,,Dead 
B ,B ,58,B ,DPR ,6,3,,,,Dead 
B ,B ,59,A ,YO8 ,3,13,,,,Dead 
B ,B ,59,B ,DPR ,3,9,,,,Dead 
B ,B ,60,A ,WL1* ,buffer ,buffer ,,,,
B ,B ,60,B ,WL1* ,buffer ,buffer ,,,,
D ,B ,1,C ,NA ,NA ,NA ,,,,
D ,B ,1,D ,NA ,NA ,NA ,,,,
D ,B ,2,C ,NA ,NA ,NA ,,,,
D ,B ,2,D ,NA ,NA ,NA ,,,,
D ,B ,3,C ,NA ,NA ,NA ,,,,
D ,B ,3,D ,NA ,NA ,NA ,,,,
D ,B ,4,C ,TM2 ,7,16,,,,
D ,B ,4,D ,SQ3 ,3,6,,,,
D ,B ,5,C ,BH ,2,6,,,,
D ,B ,5,D ,LV3 ,2,3,,,,
D ,B ,6,C ,BH ,1,6,,,,
D ,B ,6,D ,WL1 ,2,3,,,,
D ,B ,7,C ,CP2 ,2,4,,,,
D ,B ,7,D ,BH ,4,6,,,,
D ,B ,8,C ,YO8 ,1,2,,,,
D ,B ,8,D ,DPR ,8,2,,,,
D ,B ,9,C ,FR ,4,5,,,,
D ,B ,9,D ,IH ,5,6,,,,
D ,B ,10,C ,CP2 ,3,4,,,,
D ,B ,10,D ,FR ,1,2,,,,
D ,B ,11,C ,SQ1 ,3,1,,,,
D ,B ,11,D ,YO8 ,2,14,,,,
D ,B ,12,C ,WL2 ,3,12,,,,
D ,B ,12,D ,TM2 ,5,1,,,,
D ,B ,13,C ,LV1 ,4,5,,,,
D ,B ,13,D ,LVTR1 ,5,8,,,,
D ,B ,14,C ,SQ2 ,4,10,,,,
D ,B ,14,D ,CP3 ,2,10,,,,
D ,B ,15,C ,LV1 ,6,5,,,,
D ,B ,15,D ,SQ2 ,6,12,,,,
D ,B ,16,C ,CP2 ,1,14,,,,
D ,B ,16,D ,YO8 ,5,6,,,,
D ,B ,17,C ,SQ3 ,5,1,,,,
D ,B ,17,D ,YO7 ,1,1,,,,
D ,B ,18,C ,CC ,5,6,,,,
D ,B ,18,D ,CP3 ,4,12,,,,
D ,B ,19,C ,YO4 ,2,7,,,,
D ,B ,19,D ,CC ,2,6,10.3,3.7,Y ,
D ,B ,20,C ,IH ,7,6,8.3,4.6,Y ,
D ,B ,20,D ,BH ,6,6,5.2,3.7,Y ,stem broken 
D ,B ,21,C ,CC ,8,6,,,,
D ,B ,21,D ,CP2 ,1,4,0.9,,Y ,bare stem 
C ,B ,22,C ,WL1* ,buffer ,buffer ,,,,
C ,B ,22,D ,WL1* ,buffer ,buffer ,,,,
C ,B ,23,C ,CP2 ,4,3,,,,
C ,B ,23,D ,WL1* ,buffer ,buffer ,,,,
C ,B ,24,C ,YO8 ,2,1,,,,
C ,B ,24,D ,LV1 ,1,4,,,,
C ,B ,25,C ,LVTR1 ,8,2,,,,
C ,B ,25,D ,LVTR1 ,7,16,,,,
C ,B ,26,C ,IH ,5,5,12.2,5.2,Y ,
C ,B ,26,D ,DPR ,3,10,,,,
C ,B ,27,C ,DPR ,4,10,,,,
C ,B ,27,D ,DPR ,6,16,,,,
C ,B ,28,C ,BH ,4,5,8.4,5.6,Y ,
C ,B ,28,D ,SQ1 ,2,2,,,,
C ,B ,29,C ,WL2 ,8,11,,,,
C ,B ,29,D ,LV3 ,7,5,,,,
C ,B ,30,C ,CC ,4,5,,,,
C ,B ,30,D ,SQ2 ,1,4,,,,
C ,B ,31,C ,CP2 ,6,11,,,,
C ,B ,31,D ,CP3 ,4,11,1.8,,Y,bare stem 
C ,B ,32,C ,SQ2 ,6,19,,,,
C ,B ,32,D ,YO11 ,5,11,- ,,,
C ,B ,33,C ,YO7 ,6,1,,,,
C ,B ,33,D ,YO4 ,1,1,1.3,,Y,bare stem 
C ,B ,34,C ,YO8 ,5,5,,,,
C ,B ,34,D ,SC ,5,16,,,,
C ,B ,35,C ,CP2 ,1,3,,,,
C ,B ,35,D ,DPR ,6,4,,,,
C ,B ,36,C ,YO8 ,1,1,,,,
C ,B ,36,D ,TM2 ,1,4,26.7,2.1,Y,
C ,B ,37,C ,LVTR1 ,4,1,,,,
C ,B ,37,D ,WL2 ,3,11,,,,
C ,B ,38,C ,LVTR1 ,7,3,,,,
C ,B ,38,D ,LVTR1 ,8,6,,,,
C ,B ,39,C ,CP2 ,2,3,,,,
C ,B ,39,D ,YO4 ,2,6,,,,
C ,B ,40,C ,CC ,3,5,,,,
C ,B ,40,D ,BH ,3,5,,,,
C ,B ,41,C ,YO7 ,7,1,1.9,0.7,Y ,
C ,B ,41,D ,IH ,2,5,,,,
C ,B ,42,C ,LV1 ,3,4,,,,
C ,B ,42,D ,YO8 ,3,1,,,,
C ,B ,43,C ,YO11 ,6,11,,,,
C ,B ,43,D ,TM2 ,7,10,36.5,2.4,Y ,
C ,B ,44,C ,SQ3 ,4,11,,,,
C ,B ,44,D ,IH ,7,5,,,,
C ,B ,45,C ,WL2 ,1,11,5.8,1.6,Y ,
C ,B ,45,D ,CP3 ,1,10,,,,
C ,B ,46,C ,SC ,6,5,11.4,4.7,Y ,top eaten 
C ,B ,46,D ,BH ,1,5,,,,
C ,B ,47,C ,YO7 ,4,6,4.2,2,Y ,
C ,B ,47,D ,BH ,7,5,11.3,5.8,Y,
C ,B ,48,C ,LVTR1 ,5,13,,,,
C ,B ,48,D ,IH ,1,5,9.2,3,Y,
C ,B ,49,C ,YO7 ,5,17,2,0.6,Y,
C ,B ,49,D ,YO7 ,7,19,,,,
C ,B ,50,C ,SQ2 ,6,11,,,,
C ,B ,50,D ,YO7 ,1,8,,,,
C ,B ,51,C ,CP3 ,3,11,,,,
C ,B ,51,D ,LV1 ,4,4,,,,
C ,B ,52,C ,YO4 ,4,9,,,,
C ,B ,52,D ,SQ2 ,13,13,,,,
C ,B ,53,C ,WL1* ,buffer ,buffer ,,,,
C ,B ,53,D ,WL1* ,buffer ,buffer ,,,,
C ,B ,54,C ,NA ,NA ,NA ,,,,
C ,B ,54,D ,NA ,NA ,NA ,,,,
B ,B ,55,C ,WL1* ,buffer ,buffer ,,,,
B ,B ,55,D ,WL1* ,buffer ,buffer ,,,,
B ,B ,56,C ,TM2 ,1,3,22.2,5.5,Y,
B ,B ,56,D ,SQ1 ,2,1,2.4,,Y,bare stem 
B ,B ,57,C ,LVTR1 ,8,19,,,,
B ,B ,57,D ,BH ,2,4,8.3,6.3,Y,
B ,B ,58,C ,YO7 ,3,4,,,,
B ,B ,58,D ,WL2 ,6,10,,,,
B ,B ,59,C ,IH ,5,4,,,,
B ,B ,59,D ,SC ,2,21,,,,
B ,B ,60,C ,WL1* ,,bufferbuffer ,,,,
B ,B ,60,D ,BH* ,buffer ,buffer ,,,,
D ,C ,1,A ,NA ,NA ,NA ,,,,
D ,C ,1,B ,BH* ,buffer ,buffer ,,,,
D ,C ,2,A ,BH* ,buffer ,buffer ,,,,
D ,C ,2,B ,CP3 ,5,12,,,,Dead 
D ,C ,3,A ,SQ3 ,6,7,,,,Dead 
D ,C ,3,B ,DPR ,6,14,,,,Dead 
D ,C ,4,A ,YO7 ,6,2,,,,Dead 
D ,C ,4,B ,IH ,2,6,,,,
D ,C ,5,A ,TM2 ,5,3,,,,
D ,C ,5,B ,LV1 ,3,5,,,,
D ,C ,6,A ,CC ,1,6,6.8,3.6,Y,
D ,C ,6,B ,YO4 ,1,3,,,,
D ,C ,7,A ,LVTR1 ,8,7,,,,
D ,C ,7,B ,LV1 ,1,5,,,,
D ,C ,8,A ,IH ,4,6,,,,
D ,C ,8,B ,LVTR1 ,3,1,,,,
D ,C ,9,A ,NA ,NA ,NA ,,,,
D ,C ,9,B ,WL2 ,2,12,,,,
D ,C ,10,A ,WR ,2,10,,,,
D ,C ,10,B ,IH ,1,6,,,,
D ,C ,11,A ,LVTR1 ,8,14,,,,
D ,C ,11,B ,CC ,4,6,,,,
D ,C ,12,A ,CP3 ,1,11,,,,
D ,C ,12,B ,CP3 ,3,12,,,,
D ,C ,13,A ,YO7 ,5,1,,,,
D ,C ,13,B ,SC ,8,6,5.4,3.3,Y ,
D ,C ,14,A ,TM2 ,7,11,,,,
D ,C ,14,B ,SQ2 ,6,16,,,,
D ,C ,15,A ,IH ,6,6,,,,Dead 
D ,C ,15,B ,NA ,NA ,NA ,,,,
D ,C ,16,A ,YO7 ,4,4,,,,
D ,C ,16,B ,CP2 ,2,5,,,,
E ,C ,17,A ,WL1* ,buffer ,buffer ,,,,
E ,C ,17,B ,NA ,NA ,NA ,,,,
E ,C ,18,A ,WL1* ,buffer ,buffer ,,,,
E ,C ,18,B ,WL1* ,buffer ,buffer ,,,,
E ,C ,19,A ,IH ,7,7,11.6,5.4,Y ,
E ,C ,19,B ,LV3 ,5,3,,,,
E ,C ,20,A ,CP3 ,5,13,,,,
E ,C ,20,B ,YO11 ,5,13,,,,
E ,C ,21,A ,YO8 ,3,3,,,,
E ,C ,21,B ,CP2 ,1,5,2.6,N/A ,Y ,no leaves 
E ,C ,22,A ,CP3 ,3,13,,,,
E ,C ,22,B ,BH ,6,7,13.6,6.9,Y ,
E ,C ,23,A ,BH ,3,7,6.1,4.8,Y ,
E ,C ,23,B ,YO8 ,1,3,,,,
E ,C ,24,A ,TM2 ,7,14,,,,
E ,C ,24,B ,WL2 ,1,13,3.4,N/A ,Y,no leaves 
E ,C ,25,A ,CP3 ,1,15,,,,
E ,C ,25,B ,CC ,4,7,9.4,3,Y ,
E ,C ,26,A ,BH ,5,7,4.5,3.6,Y,
E ,C ,26,B ,CP3 ,2,6,,,,
E ,C ,27,A ,LVTR1 ,2,5,,,,
E ,C ,27,B ,BH ,2,7,,,,
E ,C ,28,A ,YO7 ,7,14,2.1,N/A ,Y ,no leaves 
E ,C ,28,B ,IH ,1,7,9.7,3.4,Y ,
E ,C ,29,A ,DPR ,6,21,10.1,2.4,Y ,Powdery mildew 
E ,C ,29,B ,LVTR1 ,7,5,1.3,N/A ,Y ,just stem 
E ,C ,30,A ,WL2 ,2,13,0.8,N/A ,Y ,just stem 
E ,C ,30,B ,LV1 ,6,6,,,,
E ,C ,31,A ,CP3 ,1,12,,,,
E ,C ,31,B ,WL1 ,3,4,,,,
E ,C ,32,A ,LVTR1 ,5,2,,,,
E ,C ,32,B ,SC ,2,7,,,,
E ,C ,33,A ,NA ,NA ,NA ,,,,
E ,C ,33,B ,LV1 ,4,6,2,N/A ,Y ,no leaves 
E ,C ,34,A ,SQ2 ,4,9,,,,
E ,C ,34,B ,YO8 ,6,7,,,,
E ,C ,35,A ,LVTR1 ,6,15,,,,
E ,C ,35,B ,SC ,5,7,4.7,4.7,Y ,
E ,C ,36,A ,SQ1 ,14,7,1.8,N/A ,Y ,no leaves 
E ,C ,36,B ,SC ,2,19,5,3.9,Y ,
E ,C ,37,A ,FR ,5,2,,,,
E ,C ,37,B ,YO4 ,3,9,,,,
E ,C ,38,A ,IH ,3,7,8.2,3.5,Y ,
E ,C ,38,B ,SQ2 ,6,13,3.3,N/A ,Y ,no leaves 
E ,C ,39,A ,CP3 ,4,13,,,,
E ,C ,39,B ,SQ2 ,8,13,,,,
E ,C ,40,A ,CC ,5,7,10.8,3.1,Y,
E ,C ,40,B ,BH ,1,7,4.3,2.6,Y ,
E ,C ,41,A ,CP2 ,7,12,,,,
E ,C ,41,B ,DPR ,1,12,,,,
E ,C ,42,A ,SQ2 ,6,17,,,,
E ,C ,42,B ,SQ3 ,2,3,,,,
E ,C ,43,A ,WL2 ,3,13,3.1,0.5,Y ,resprout 
E ,C ,43,B ,YO11 ,4,12,,,,
E ,C ,44,A ,WL2 ,5,13,,,,
E ,C ,44,B ,DPR ,3,12,,,,
E ,C ,45,A ,BH ,7,7,9.3,5.4,Y ,
E ,C ,45,B ,CC ,9,7,,,,
E ,C ,46,A ,LV1 ,1,6,,,,
E ,C ,46,B ,CP2 ,5,5,4.2,N/A ,Y ,Powdery mildew 
E ,C ,47,A ,YO7 ,6,3,4.7,1.2,Y ,Powdery mildew 
E ,C ,47,B ,IH ,2,7,10.3,4.8,Y,
E ,C ,48,A ,CP2 ,4,5,,,,
E ,C ,48,B ,YO8 ,2,3,,,,
E ,C ,49,A ,YO4 ,5,6,,,,
E ,C ,49,B ,WL1* ,buffer ,buffer ,,,,
F ,C ,50,A ,LVTR1 ,8,9,,,,
F ,C ,50,B ,YO11 ,8,1,6.5,N/A ,Y,"no leaves, powdery mildew "
F ,C ,51,A ,CP2 ,2,6,,,,
F ,C ,51,B ,YO11 ,5,1,,,,
F ,C ,52,A ,CC ,4,8,5,1.8,Y ,
F ,C ,52,B ,YO8 ,5,8,,,,
F ,C ,53,A ,YO4 ,9,3,,,,
F ,C ,53,B ,IH ,3,8,17.7,6.8,Y ,
F ,C ,54,A ,LV1 ,3,7,,,,
F ,C ,54,B ,TM2 ,1,14,26.1,1.1,Y ,
F ,C ,55,A ,YO7 ,1,4,3.6,1.1,Y ,
F ,C ,55,B ,WL2 ,1,1,,,,
F ,C ,56,A ,BH ,2,8,,,,
F ,C ,56,B ,WL1 ,4,9,,,,
F ,C ,57,A ,SC ,2,8,,,,
F ,C ,57,B ,CC ,5,8,,,,
F ,C ,58,A ,YO4 ,3,6,,,,
F ,C ,58,B ,FR ,4,7,,,,
F ,C ,59,A ,YO11* ,At buffe* ,buffer ,,,,
F ,C ,59,B ,CP2* ,A buffe* ,buffer ,,,,
F ,C ,60,A ,NA ,NA ,NA ,,,,
F ,C ,60,B ,NA ,NA ,NA ,,,,
D ,C ,1,C ,TM2* ,bufferbuffer ,,,,,
D ,C ,1,D ,TM2* ,buffer ,buffer ,,,,
D ,C ,2,C ,SC ,5,6,4.5,3.7,Y ,
D ,C ,2,D ,CC ,9,6,12.2,3.1,Y ,
D ,C ,3,C ,SQ2 ,6,22,,,,
D ,C ,3,D ,CP2 ,5,4,0.2,,Y ,bare stem /resprout 
D ,C ,4,C ,YO4 ,5,4,,,,
D ,C ,4,D ,CC ,9,6,,,,
D ,C ,5,C ,SC ,6,6,6.5,4.1,Y ,
D ,C ,5,D ,SC ,5,6,,,,
D ,C ,6,C ,YO11 ,5,12,,,,
D ,C ,6,D ,WL1 ,7,20,1.2,,Y ,bare stem 
D ,C ,7,C ,WV ,4,10,,,,
D ,C ,7,D ,WL1 ,10,4,4.2,,Y ,powdery mildew 
D ,C ,8,C ,DPR ,1,11,,,,
D ,C ,8,D ,YO11 ,4,7,,,,
D ,C ,9,C ,YO11 ,5,15,,,,
D ,C ,9,D ,CP2 ,7,11,,,,
D ,C ,10,C ,CP3 ,7,5,,,,
D ,C ,10,D ,BH ,3,6,9,7,Y ,
D ,C ,11,C ,DPR ,4,11,6.3,1.5,Y ,
D ,C ,11,D ,CC ,3,6,,,,
D ,C ,12,C ,YO8 ,3,2,,,,
D ,C ,12,D ,YO7 ,5,16,,,,
D ,C ,13,C ,LVTR1 ,7,4,0.8,,Y ,bare stem 
D ,C ,13,D ,WL1 ,7,8,1.5,,Y ,bare stem/resprout 
D ,C ,14,C ,DPR ,6,19,,,,
D ,C ,14,D ,YO8 ,6,6,,,,
D ,C ,15,C ,BH ,7,6,,,,
D ,C ,15,D ,LV3 ,7,10,,,,
D ,C ,16,C ,IH ,4,7,,,,
D ,C ,16,D ,WL1* ,buffer ,buffer ,,,,
E ,C ,17,C ,WL1* ,buffer ,buffer ,,,,
E ,C ,17,D ,NA ,NA ,NA ,,,,
E ,C ,18,C ,WL1* ,buffer ,buffer ,,,,
E ,C ,18,D ,WL1* ,buffer ,buffer ,,,,
E ,C ,19,C ,YO8 ,4,8,,,,
E ,C ,19,D ,YO7 ,5,2,4.3,0.4,Y ,
E ,C ,20,C ,CP2 ,5,14,4.6,,Y ,powdery mildew 
E ,C ,20,D ,YO7 ,7,22,,,,
E ,C ,21,C ,WL2 ,6,13,,,,
E ,C ,21,D ,LV1 ,5,6,,,,
E ,C ,22,C ,YO11 ,6,13,,,,
E ,C ,22,D ,FR ,7,7,1.5,0.3,Y ,resprout 
E ,C ,23,C ,CC ,8,7,8.9,4.2,Y ,
E ,C ,23,D ,TM2 ,4,12,9.6,2.9,Y ,
E ,C ,24,C ,DPR ,6,6,,,,
E ,C ,24,D ,YO4 ,2,8,,,,
E ,C ,25,C ,YO11 ,8,13,,,,
E ,C ,25,D ,DPR ,8,3,11.3,1.7,Y ,
E ,C ,26,C ,NA ,NA ,NA ,,,,
E ,C ,26,D ,NA ,NA ,NA ,,,,
E ,C ,27,C ,NA ,NA ,NA ,,,,
E ,C ,27,D ,NA ,NA ,NA ,,,,
E ,C ,28,C ,WL1 ,4,3,,,,
E ,C ,28,D ,LV1 ,8,6,,,,
E ,C ,29,C ,YO11 ,1,13,,,,
E ,C ,29,D ,TM2 ,5,8,,,,
E ,C ,30,C ,BH ,4,7,5.7,4.1,Y ,
E ,C ,30,D ,SQ2 ,6,27,,,,
E ,C ,31,C ,YO7 ,7,3,,,,
E ,C ,31,D ,LV1 ,2,6,,,,
E ,C ,32,C ,LVTR1 ,4,3,,,,
E ,C ,32,D ,TM2 ,7,12,26.1,1.5,Y ,
E ,C ,33,C ,TM2 ,2,5,28.7,1.9,Y ,
E ,C ,33,D ,CC ,3,7,9.6,4.7,Y ,
E ,C ,34,C ,SC ,4,7,3.8,1.7,Y ,
E ,C ,34,D ,SC ,8,7,6.4,3,Y ,
E ,C ,35,C ,WL2 ,8,13,,,,
E ,C ,35,D ,IH ,6,7,,,,
E ,C ,36,C ,CC ,1,7,,,,
E ,C ,36,D ,LVTR1 ,6,5,1.3,,Y ,bare stem 
E ,C ,37,C ,CC ,2,7,12.1,3.8,Y ,
E ,C ,37,D ,IH ,5,7,,,,
E ,C ,38,C ,YO7 ,1,3,2.6,,Y ,bare stem 
E ,C ,38,D ,LV1 ,3,6,,,,
E ,C ,39,C ,CP3 ,6,13,3.2,,Y ,powdery mildew/no leaves 
E ,C ,39,D ,YO8 ,8,7,0.9,,Y ,powdery mildew 
E ,C ,40,C ,DPR ,6,18,5.4,,Y ,bare stem 
E ,C ,40,D ,YO11 ,8,16,2.9,0.3,Y ,resprout 
E ,C ,41,C ,LVTR1 ,8,8,3.1,,Y ,bare stem 
E ,C ,41,D ,SC ,6,7,4.3,2.1,Y ,
E ,C ,42,C ,WL1 ,7,9,,,,
E ,C ,42,D ,WL1 ,10,5,1.5,,Y ,bare stem / powdery 
E ,C ,43,C ,WR ,2,19,1.8,,Y ,bare stem 
E ,C ,43,D ,CP2 ,3,5,2.7,,Y ,bare stem 
E ,C ,44,C ,YO8 ,5,7,0.7,,Y ,bare stem 
E ,C ,44,D ,WL2 ,7,13,3.8,0.5,Y ,respout 
E ,C ,45,C ,NA ,NA ,NA ,,,,
E ,C ,45,D ,SC ,4,15,,,,
E ,C ,46,C ,TM2 ,1,6,,,,
E ,C ,46,D ,SQ3 ,4,10,,,,
E ,C ,47,C ,FR ,4,6,1.3,0.7,Y ,
E ,C ,47,D ,SQ1 ,4,7,1.5,,Y ,bare stem /powdery 
E ,C ,48,C ,DPR ,4,12,,,,
E ,C ,48,D ,SQ1 ,4,2,2,0.7,Y ,top eaten 
E ,C ,49,C ,YO11 ,7,13,,,,
E ,C ,49,D ,WL1* ,buffer ,buffer ,,,,
F ,C ,50,C ,SQ2 ,4,4,,,,
F ,C ,50,D ,YO7 ,7,17,,,,
F ,C ,51,C ,IH ,4,8,,,,
F ,C ,51,D ,LV1 ,4,7,,,,
F ,C ,52,C ,YO8 ,8,8,,,,
F ,C ,52,D ,YO8 ,2,4,,,,
F ,C ,53,C ,TM2 ,5,2,,,,
F ,C ,53,D ,TM2 ,7,13,22.5,1.1,Y ,
F ,C ,54,C ,LVTR1 ,7,12,,,,different plant 
F ,C ,54,D ,CC ,1,8,,,,
F ,C ,55,C ,CP3 ,6,1,,,,
F ,C ,55,D ,CP2 ,7,13,,,,
F ,C ,56,C ,DPR ,7,5,,,,
F ,C ,56,D ,TM2 ,1,7,,,,
F ,C ,57,C ,IH ,7,8,,,,
F ,C ,57,D ,LV1 ,5,7,,,,
F ,C ,58,C ,IH ,2,8,,,,
F ,C ,58,D ,CC ,8,8,,,,
F ,C ,59,C ,CP2* ,4 buffe** ,buffer ,,,,
F ,C ,59,D ,CP2* ,t buffe* ,buffer ,,,,
F ,C ,60,C ,NA ,NA ,NA ,,,,
F ,C ,60,D ,NA ,NA ,NA ,,,,
G ,D ,1,A ,NA ,NA ,NA ,,,,
G ,D ,1,B ,NA ,NA ,NA ,,,,
G ,D ,2,A ,LV1* ,He buffel* ,buffer ,,,,
G ,D ,2,B ,TM2* ,buffer ,buffer ,,,,
G ,D ,3,A ,YO11 ,8,2,,,,
G ,D ,3,B ,IH ,5,9,,,,
G ,D ,4,A ,TM2 ,5,10,,,,
G ,D ,4,B ,YO11 ,7,14,,,,
G ,D ,5,A ,CP3 ,4,2,,,,
G ,D ,5,B ,SQ2 ,1,1,,,,
G ,D ,6,A ,CP2 ,5,7,,,,
G ,D ,6,B ,NA ,NA ,NA ,,,,
G ,D ,7,A ,NA ,NA ,NA ,,,,
G ,D ,7,B ,LVTR1 ,8,10,,,,
G ,D ,8,A ,NA ,NA ,NA ,,,,
G ,D ,8,B ,NA ,NA ,NA ,,,,
G ,D ,9,A ,CP3 ,2,1,,,,
G ,D ,9,B ,NA ,NA ,NA ,,,,
G ,D ,10,A ,CP2 ,1,7,,,,
G ,D ,10,B ,DPR ,1,1,,,,
G ,D ,11,A ,LV1 ,8,8,,,,
G ,D ,11,B ,YO7 ,7,5,,,,
G ,D ,12,A ,LVTR1 ,7,7,,,,
G ,D ,12,B ,YO8 ,6,9,,,,
G ,D ,13,A ,NA ,NA ,NA ,,,,
G ,D ,13,B ,LVTR1 ,6,7,,,,
G ,D ,14,A ,IH ,7,9,,,,
G ,D ,14,B ,SC ,6,9,,,,
G ,D ,15,A ,YO7 ,7,24,,,,
G ,D ,15,B ,YO4 ,2,10,,,,
G ,D ,16,A ,SQ3 ,7,13,,,,
G ,D ,16,B ,YO11 ,3,4,,,,
G ,D ,17,A ,CC ,9,9,,,,
G ,D ,17,B ,LV3 ,5,5,,,,
G ,D ,18,A ,WL1 ,2,1,,,,
G ,D ,18,B ,DPR ,6,8,,,,
G ,D ,19,A ,TM2 ,7,18,,,,
G ,D ,19,B ,CC ,4,9,,,,
G ,D ,20,A ,YO7 ,6,14,,,,
G ,D ,20,B ,LV1 ,3,8,,,,
G ,D ,21,A ,SC ,5,9,,,,
G ,D ,21,B ,BH ,6,9,,,,
G ,D ,22,A ,DPR ,3,1,,,,
G ,D ,22,B ,CC ,1,9,,,,
G ,D ,23,A ,LV3 ,1,2,,,,
G ,D ,23,B ,LVTR1 ,4,8,,,,
G ,D ,24,A ,YO7 ,5,4,,,,
G ,D ,24,B ,IH ,1,9,,,,
G ,D ,25,A ,WL1 ,7,11,,,,
G ,D ,25,B ,SC ,2,9,,,,
G ,D ,26,A ,YO8 ,8,9,,,,
G ,D ,26,B ,LV1 ,2,8,,,,
G ,D ,27,A ,LV1 ,6,8,,,,
G ,D ,27,B ,BH ,7,9,,,,
G ,D ,28,A ,CP2 ,2,7,,,,
G ,D ,28,B ,SC ,4,9,,,,
G ,D ,29,A ,YO4 ,3,10,,,,
G ,D ,29,B ,CC ,5,9,,,,
G ,D ,30,A ,TM2 ,7,1,,,,
G ,D ,30,B ,BH ,1,9,,,,
G ,D ,31,A ,FR ,3,9,,,,
G ,D ,31,B ,TM2 ,1,8,,,,
G ,D ,32,A ,DPR ,5,13,,,,
G ,D ,32,B ,SQ2 ,8,2,,,,
G ,D ,33,A ,WL2 ,5,2,,,,
G ,D ,33,B ,CP2 ,3,7,,,,
G ,D ,34,A ,LV3 ,7,13,,,,
G ,D ,34,B ,CP2 ,7,1,,,,
G ,D ,35,A ,YO11 ,1,2,,,,
G ,D ,35,B ,NA ,NA ,NA ,,,,
F ,D ,36,A ,LV1* ,buffer ,buffer ,,,,
F ,D ,36,B ,LV1* ,buffer ,buffer ,,,,
F ,D ,37,A ,BH ,5,8,6.4,3.8,Y ,
F ,D ,37,B ,YO11 ,7,2,,,,
F ,D ,38,A ,WL2 ,8,1,,,,
F ,D ,38,B ,LVTR1 ,6,6,,,,
F ,D ,39,A ,CC ,9,8,9.3,2.7,Y ,
F ,D ,39,B ,SC ,8,8,,,,
F ,D ,40,A ,CC ,3,8,,,,
F ,D ,40,B ,BH ,7,8,6.5,3.3,Y ,
F ,D ,41,A ,YO11 ,5,18,,,,
F ,D ,41,B ,SQ3 ,1,12,1.9,N/A ,Y ,bare stem 
F ,D ,42,A ,WR ,2,16,,,,
F ,D ,42,B ,YO8 ,1,4,,,,
F ,D ,43,A ,LVTR1 ,7,6,,,,
F ,D ,43,B ,DPR ,8,16,6.8,0.5,Y ,Resprout 
F ,D ,44,A ,CP3 ,3,1,,,,
F ,D ,44,B ,SQ1 ,14,6,,,,
F ,D ,45,A ,SC ,6,8,8.3,3.6,Y ,
F ,D ,45,B ,WL2 ,7,1,,,,
F ,D ,46,A ,LV3 ,5,4,,,,
F ,D ,46,B ,WL1 ,7,10,,,,
F ,D ,47,A ,LVTR1 ,4,2,,,,
F ,D ,47,B ,CP2 ,1,6,,,,
F ,D ,48,A ,LV1 ,8,7,,,,
F ,D ,48,B ,WL2 ,3,1,1.7,N/A,Y ,bare stem
F ,D ,49,A ,SQ3 ,4,8,,,,
F ,D ,49,B ,YO11 ,6,1,3.9,N/A ,Y ,bare stem 
F ,D ,50,A ,YO7 ,7,4,3,0.3,Y ,Resprout 
F ,D ,50,B ,CP3 ,2,7,,,,
F ,D ,51,A ,LVTR1 ,5,12,,,,
F ,D ,51,B ,TM2 ,4,8,,,,
F ,D ,52,A ,WL1 ,2,2,,,,
F ,D ,52,B ,YO7 ,7,16,,,,
F ,D ,53,A ,IH ,6,8,,,,
F ,D ,53,B ,DPR ,1,13,,,,
F ,D ,54,A ,YO8 ,6,8,,,,
F ,D ,54,B ,DPR ,8,4,14.1,2.2,Y ,Powdery mildew 
F ,D ,55,A ,BH ,3,8,10.2,7.1,Y ,
F ,D ,55,B ,YO4 ,2,9,5.2,1.5,Y ,Powdery mildew 
F ,D ,56,A ,FR ,7,8,2.7,N/A ,Y ,bare stem w/ small sprout
F ,D ,56,B ,SQ1 ,2,6,1.7,N/A ,Y ,bare stem 
F ,D ,57,A ,CP2 ,2,15,,,,
F ,D ,57,B ,CP2 ,4,6,,,,
F ,D ,58,A ,SQ2 ,6,1,,,,
F ,D ,58,B ,YO11 ,3,2,,,,
F ,D ,59,A ,buffer ,buffer ,buffer ,,,,
F ,D ,59,B ,LVTR1* ,it buffe* ,buffer ,,,,
F ,D ,60,A ,NA ,NA ,NA ,,,,
F ,D ,60,B ,NA ,NA ,NA ,,,,
G ,D ,1,C ,NA ,NA ,NA ,,,,
G ,D ,1,D ,NA ,NA ,NA ,,,,
G ,D ,2,C ,TM2* ,buffer ,buffer ,,,,
G ,D ,2,D ,buffer ,,,,,,
G ,D ,3,C ,WR ,1,1,,,,
G ,D ,3,D ,SQ3 ,6,2,,,,SQ3 6-2 
G ,D ,4,C ,YO8 ,1,5,,,,
G ,D ,4,D ,IH ,4,9,,,,
G ,D ,5,C ,WL2 ,2,2,,,,
G ,D ,5,D ,CP2 ,4,7,,,,
G ,D ,6,C ,CP3 ,4,15,,,,
G ,D ,6,D ,YO4 ,9,2,,,,
G ,D ,7,C ,NA ,NA ,NA ,,,,
G ,D ,7,D ,NA ,NA ,NA ,,,,
G ,D ,8,C ,LV1 ,1,8,,,,
G ,D ,8,D ,NA ,NA ,NA ,,,,
G ,D ,9,C ,WL2 ,3,2,,,,
G ,D ,9,D ,FR ,7,9,,,,
G ,D ,10,C ,LVTR1 ,2,7,,,,
G ,D ,10,D ,SQ1 ,2,13,,,,
G ,D ,11,C ,CP3 ,5,2,,,,
G ,D ,11,D ,SQ2 ,6,23,,,,
G ,D ,12,C ,YO11 ,5,2,,,,
G ,D ,12,D ,BH ,5,9,,,,
G ,D ,13,C ,SQ1 ,6,9,,,,
G ,D ,13,D ,YO8 ,5,9,,,,
G ,D ,14,C ,IH ,3,9,,,,
G ,D ,14,D ,YO8 ,8,14,,,,
G ,D ,15,C ,YO7 ,4,5,,,,
G ,D ,15,D ,LVTR1 ,7,18,,,,
G ,D ,16,C ,TM2 ,6,13,,,,
G ,D ,16,D ,DPR ,3,15,,,,
G ,D ,17,C ,YO8 ,3,5,,,,
G ,D ,17,D ,SC ,8,9,,,,
G ,D ,18,C ,LV1 ,5,8,,,,
G ,D ,18,D ,FR ,6,12,,,,
G ,D ,19,C ,CP3 ,6,2,,,,
G ,D ,19,D ,TM2 ,2,9,,,,
G ,D ,20,C ,TM2 ,4,4,,,,
G ,D ,20,D ,BH ,2,9,,,,
G ,D ,21,C ,IH ,2,9,,,,
G ,D ,21,D ,WL2 ,6,2,,,,
G ,D ,22,C ,CP2 ,2,14,,,,
G ,D ,22,D ,WL2 ,7,2,,,,
G ,D ,23,C ,WL1 ,7,15,,,,
G ,D ,23,D ,CC ,8,9,,,,
G ,D ,24,C ,CC ,3,9,,,,
G ,D ,24,D ,SQ2 ,13,3,,,,
G ,D ,25,C ,SC ,4,17,,,,
G ,D ,25,D ,WL2 ,8,2,,,,
G ,D ,26,C ,CP3 ,3,2,,,,
G ,D ,26,D ,YO7 ,6,5,,,,
G ,D ,27,C ,CC ,2,9,,,,
G ,D ,27,D ,YO11 ,6,2,,,,
G ,D ,28,C ,SC ,8,15,,,,
G ,D ,28,D ,SQ2 ,6,2,,,,
G ,D ,29,C ,WL2 ,1,2,,,,
G ,D ,29,D ,YO7 ,1,5,,,,
G ,D ,30,C ,DPR ,8,5,,,,
G ,D ,30,D ,FR ,4,8,,,,
G ,D ,31,C ,YO8 ,2,5,,,,
G ,D ,31,D ,IH ,6,9,,,,
G ,D ,32,C ,LVTR1 ,4,4,,,,
G ,D ,32,D ,LV1 ,4,8,,,,
G ,D ,33,C ,SQ1 ,14,9,,,,
G ,D ,33,D ,WL1 ,10,1,,,,
G ,D ,34,C ,CP3 ,1,1,,,,
G ,D ,34,D ,DPR ,4,1,,,,
G ,D ,35,C ,BH ,3,9,,,,
G ,D ,35,D ,BH ,4,9,,,,
F ,D ,36,C ,WL1* ,buffer ,buffer ,,,,
F ,D ,36,D ,WL1 ,7,14,,,,
F ,D ,37,C ,SC ,2,18,7.3,5.7,Y ,
F ,D ,37,D ,WL1* ,buffer ,buffer ,,,,
F ,D ,38,C ,NA ,NA ,NA ,,,,
F ,D ,38,D ,DPR ,6,7,,,,
F ,D ,39,C ,SC ,5,14,,,,
F ,D ,39,D ,CP3 ,5,14,,,,
F ,D ,40,C ,IH ,5,8,11.6,2.7,Y ,
F ,D ,40,D ,WL2 ,2,1,,,,
F ,D ,41,C ,LVTR1 ,8,20,,,,
F ,D ,41,D ,CP3 ,5,1,,,,
F ,D ,42,C ,WL2 ,6,1,3.2,0.3,Y ,resprout 
F ,D ,42,D ,YO7 ,3,9,3.8,0.8,Y ,
F ,D ,43,C ,SQ2 ,13,6,0.5,,Y ,bare stem respount 
F ,D ,43,D ,CC ,2,8,,,,
F ,D ,44,C ,TM2 ,7,19,,,,
F ,D ,44,D ,LV1 ,1,7,,,,
F ,D ,45,C ,FR ,2,11,,,,
F ,D ,45,D ,BH ,6,8,,,,
F ,D ,46,C ,YO8 ,3,4,,,,
F ,D ,46,D ,SC ,5,8,,,,
F ,D ,47,C ,YO8 ,4,12,,,,
F ,D ,47,D ,BH ,1,8,,,,
F ,D ,48,C ,SQ2 ,6,25,2.5,,Y ,powdery mildew/no leaves
F ,D ,48,D ,YO11 ,7,1,3.5,,Y ,bare stem 
F ,D ,49,C ,SQ2 ,8,1,,,,
F ,D ,49,D ,YO11 ,1,1,,,,
F ,D ,50,C ,YO7 ,5,3,,,,
F ,D ,50,D ,DPR ,4,13,,,,
F ,D ,51,C ,IH ,1,8,13.4,5.3,Y ,
F ,D ,51,D ,LV3 ,7,8,,,,
F ,D ,52,C ,CP3 ,1,13,,,,
F ,D ,52,D ,LVTR1 ,8,23,,,,
F ,D ,53,C ,BH ,4,8,,,,
F ,D ,53,D ,DPR ,3,13,,,,
F ,D ,54,C ,NA ,NA ,NA ,,,,
F ,D ,54,D ,CP2 ,5,6,0.5,,Y ,bare Stem 
F ,D ,55,C ,SC ,4,8,6.5,3.6,Y ,
F ,D ,55,D ,CP2 ,3,6,2.2,,Y ,bave stem 
F ,D ,56,C ,YO7 ,6,4,4.2,2,Y ,
F ,D ,56,D ,CP3 ,4,1,,,,
F ,D ,57,C ,FR ,5,9,,,,
F ,D ,57,D ,LV1 ,2,7,,,,
F ,D ,58,C ,TM2 ,2,10,,,,
F ,D ,58,D ,WL2 ,5,1,6,,Y ,heavy herbiv/powdery 
F ,D ,59,C ,BH* ,buffer ,buffer ,,,,
F ,D ,59,D ,LV1 ,3,15,2.2,,Y ,bare stem 
F ,D ,60,C ,NA ,NA ,NA ,,,,
F ,D ,60,D ,LVTR1* ,it buffe* ,buffer ,,,,
H ,E ,1,A ,NA ,NA ,NA ,,,,
H ,E ,1,B ,NA ,NA ,NA ,,,,
H ,E ,2,A ,NA ,NA ,NA ,,,,
H ,E ,2,B ,NA ,NA ,NA ,,,,
H ,E ,3,A ,NA ,,,,,,
H ,E ,3,B ,SQ3 ,4,2,,,,
H ,E ,4,A ,NA ,NA ,NA ,,,,
H ,E ,4,B ,LV1 ,2,9,,,,
H ,E ,5,A ,CP3 ,4,3,,,,
H ,E ,5,B ,YO11 ,8,3,,,,
H ,E ,6,A ,NA ,NA ,NA ,,,,
H ,E ,6,B ,YO11 ,6,3,,,,
H ,E ,7,A ,YO4 ,1,2,,,,
H ,E ,7,B ,SQ2 ,1,2,,,,
H ,E ,8,A ,LVTR1 ,7,8,,,,
H ,E ,8,B ,TM2 ,6,2,,,,
H ,E ,9,A ,DPR ,8,6,,,,
H ,E ,9,B ,NA ,NA ,NA ,,,,
H ,E ,10,A ,WL1 ,3,5,,,,
H ,E ,10,B ,CP3 ,1,2,,,,
H ,E ,11,A ,FR ,7,10,,,,
H ,E ,11,B ,DPR ,4,2,,,,
H ,E ,12,A ,LV1 ,6,9,,,,
H ,E ,12,B ,LVTR1 ,5,1,,,,
H ,E ,13,A ,BH ,7,10,,,,
H ,E ,13,B ,NA ,NA ,NA ,,,,
H ,E ,14,A ,YO11 ,5,3,,,,
H ,E ,14,B ,SQ1 ,14,8,,,,
H ,E ,15,A ,SC ,6,10,,,,
H ,E ,15,B ,YO7 ,7,6,,,,
H ,E ,16,A ,TM2 ,3,2,,,,
H ,E ,16,B ,YO8 ,5,10,,,,
H ,E ,17,A ,YO11 ,5,16,,,,
H ,E ,17,B ,WL2 ,7,3,,,,
H ,E ,18,A ,LVTR1 ,8,11,,,,
H ,E ,18,B ,BH ,6,10,,,,
H ,E ,19,A ,LV1 ,5,9,,,,
H ,E ,19,B ,CP3 ,6,3,,,,
H ,E ,20,A ,WR ,2,20,,,,
H ,E ,20,B ,SQ1 ,14,5,,,,
H ,E ,21,A ,CC ,5,10,,,,
H ,E ,21,B ,CP2 ,1,8,,,,
H ,E ,22,A ,IH ,2,10,,,,
H ,E ,22,B ,LV1 ,4,9,,,,
H ,E ,23,A ,SQ2 ,8,3,,,,
H ,E ,23,B ,WR ,3,2,,,,
H ,E ,24,A ,CP3 ,7,12,,,,
H ,E ,24,B ,WL2 ,8,3,,,,
H ,E ,25,A ,YO7 ,6,6,,,,
H ,E ,25,B ,TM2 ,1,15,,,,
H ,E ,26,A ,SQ2 ,11,2,,,,
H ,E ,26,B ,IH ,7,10,,,,
H ,E ,27,A ,FR ,4,9,,,,
H ,E ,27,B ,YO11 ,1,3,,,,
H ,E ,28,A ,WL2 ,2,3,,,,
H ,E ,28,B ,CC ,9,10,,,,
H ,E ,29,A ,TM2 ,1,9,,,,
H ,E ,29,B ,YO8 ,3,6,,,,
H ,E ,30,A ,NA ,NA ,NA ,,,,
H ,E ,30,B ,NA ,NA ,NA ,,,,tree; skip 10 rows 
H ,E ,41,A ,FR ,3,8,,,,
H ,E ,41,B ,WL1 ,7,12,,,,
H ,E ,42,A ,CP2 ,7,2,,,,
H ,E ,42,B ,CP3 ,3,3,,,,
H ,E ,43,A ,YO7 ,5,14,,,,
H ,E ,43,B ,DPR ,6,17,,,,
H ,E ,44,A ,YO4 ,9,1,,,,
H ,E ,44,B ,SC ,4,10,,,,
H ,E ,45,A ,WL2 ,5,3,,,,
H ,E ,45,B ,SQ1 ,2,12,,,,
I ,E ,46,A ,YO7 ,7,7,,,,
I ,E ,46,B ,IH ,3,11,,,,
I ,E ,47,A ,BH ,4,11,,,,
I ,E ,47,B ,BH ,6,11,,,,
I ,E ,48,A ,SC ,5,11,,,,
I ,E ,48,B ,CC ,2,11,,,,
I ,E ,49,A ,YO7 ,4,3,,,,
I ,E ,49,B ,TM2 ,6,4,,,,
I ,E ,50,A ,FR ,6,10,,,,
I ,E ,50,B ,IH ,6,11,,,,
I ,E ,51,A ,LV1 ,8,10,,,,
I ,E ,51,B ,IH ,1,11,,,,
I ,E ,52,A ,WL2* ,de buffe* ,buffer ,,,,
I ,E ,52,B ,WL2* ,it buffe* ,buffer ,,,,
I ,E ,53,A ,NA ,NA ,NA ,,,,
I ,E ,53,B ,NA ,NA ,NA ,,,,
H ,E ,1,C ,NA ,NA ,NA ,,,,
H ,E ,1,D ,NA ,NA ,NA ,,,,
H ,E ,2,C ,NA ,NA ,NA ,,,,
H ,E ,2,D ,TM2 ,7,2,,,,
H ,E ,3,C ,NA ,NA ,NA ,,,,
H ,E ,3,D ,NA ,NA ,NA ,,,,
H ,E ,4,C ,YO11 ,3,12,,,,
H ,E ,4,D ,LVTR1 ,7,14,,,,
H ,E ,5,C ,BH ,5,10,,,,
H ,E ,5,D ,IH ,3,10,,,,
H ,E ,6,C ,SC ,8,10,,,,
H ,E ,6,D ,SQ2 ,6,20,,,,
H ,E ,7,C ,TM2 ,2,7,,,,
H ,E ,7,D ,YO8 ,1,6,,,,
H ,E ,8,C ,WL1 ,4,12,,,,
H ,E ,8,D ,CC ,4,10,,,,
H ,E ,9,C ,LVTR1 ,6,8,,,,
H ,E ,9,D ,CP2 ,3,8,,,,
H ,E ,10,C ,CC ,2,10,,,,
H ,E ,10,D ,LV3 ,7,6,,,,
H ,E ,11,C ,CP2 ,5,8,,,,
H ,E ,11,D ,LV1 ,3,9,,,,
H ,E ,12,C ,SC ,2,10,,,,
H ,E ,12,D ,YO8 ,4,4,,,,
H ,E ,13,C ,SQ2 ,6,3,,,,
H ,E ,13,D ,SC ,2,20,,,,
H ,E ,14,C ,DPR ,6,9,,,,
H ,E ,14,D ,CP3 ,2,2,,,,
H ,E ,15,C ,WL2 ,3,3,,,,
H ,E ,15,D ,NA ,NA ,NA ,,,,
H ,E ,16,C ,YO11 ,7,3,,,,
H ,E ,16,D ,NA ,NA ,NA ,,,,
H ,E ,17,C ,LVTR1 ,3,4,,,,
H ,E ,17,D ,DPR ,1,2,,,,
H ,E ,18,C ,CP2 ,4,8,,,,
H ,E ,18,D ,YO7 ,2,13,,,,
H ,E ,19,C ,CC ,1,10,,,,
H ,E ,19,D ,SC ,5,10,,,,
H ,E ,20,C ,CP2 ,6,1,,,,
H ,E ,20,D ,BH ,2,10,,,,
H ,E ,21,C ,YO7 ,5,5,,,,
H ,E ,21,D ,BH ,3,10,,,,
H ,E ,22,C ,CC ,8,10,,,,
H ,E ,22,D ,YO8 ,6,10,,,,
H ,E ,23,C ,BH ,1,10,,,,
H ,E ,23,D ,IH ,5,10,,,,
H ,E ,24,C ,WL2 ,6,3,,,,
H ,E ,24,D ,YO8 ,8,10,,,,
H ,E ,25,C ,CP3 ,5,3,,,,
H ,E ,25,D ,SC ,6,14,,,,
H ,E ,26,C ,CP2 ,2,8,,,,
H ,E ,26,D ,IH ,6,10,,,,
H ,E ,27,C ,BH ,4,10,,,,
H ,E ,27,D ,LV1 ,8,9,,,,
H ,E ,28,C ,SQ3 ,1,5,,,,
H ,E ,28,D ,YO7 ,4,10,,,,
H ,E ,29,C ,YO7 ,7,25,,,,
H ,E ,29,D ,IH ,4,10,,,,
H ,E ,30,C ,NA ,NA ,NA ,,,,
H ,E ,30,D ,NA ,NA ,NA ,,,,
H ,E ,41,C ,WL2 ,1,3,,,,
H ,E ,41,D ,LV3 ,5,6,,,,
H ,E ,42,C ,YO8 ,2,6,,,,
H ,E ,42,D ,CC ,3,10,,,,
H ,E ,43,C ,YO4 ,2,11,,,,
H ,E ,43,D ,IH ,1,10,,,,
H ,E ,44,C ,LVTR1 ,2,8,,,,
H ,E ,44,D ,LV1 ,1,9,,,,
H ,E ,45,C ,DPR ,3,2,,,,
H ,E ,45,D ,DPR ,3,14,,,,
I ,E ,46,C ,YO8 ,2,7,,,,
I ,E ,46,D ,SQ3 ,2,6,,,,
I ,E ,47,C ,YO11 ,4,6,,,,
I ,E ,47,D ,SC ,4,11,,,,
I ,E ,48,C ,SQ1 ,2,10,,,,
I ,E ,48,D ,TM2 ,1,10,,,,
I ,E ,49,C ,DPR ,8,15,,,,
I ,E ,49,D ,CC ,4,11,,,,
I ,E ,50,C ,CP2 ,7,3,,,,
I ,E ,50,D ,IH ,5,11,,,,
I ,E ,51,C ,LVTR1 ,6,9,,,,
I ,E ,51,D ,BH ,1,11,,,,
I ,E ,52,C ,YO8* ,Ic buffe* ,buffer ,,,,
I ,E ,52,D ,SC* ,it buffe** ,buffer ,,,,
I ,E ,53,C ,NA ,NA ,NA ,,,,
I ,E ,53,D ,NA ,NA ,NA ,,,,
J ,F ,1,A ,NA ,NA ,NA ,,,,
J ,F ,1,B ,WL1* ,buffer ,buffer ,,,,
J ,F ,2,A ,LV1 ,8,11,,,,
J ,F ,2,B ,TM2 ,1,11,,,,
J ,F ,3,A ,SC ,7,6,,,,
J ,F ,3,B ,CC ,1,12,,,,
J ,F ,4,A ,CC ,2,12,,,,
J ,F ,4,B ,NA ,NA ,NA ,,,,
J ,F ,5,A ,FR ,4,11,,,,
J ,F ,5,B ,DPR ,4,4,,,,
J ,F ,6,A ,YO8 ,1,8,,,,
J ,F ,6,B ,WL2 ,8,5,,,,
J ,F ,7,A ,CP2 ,6,7,,,,
J ,F ,7,B ,IH ,1,12,,,,
J ,F ,8,A ,DPR ,1,4,,,,
J ,F ,8,B ,YO7 ,1,11,,,,
J ,F ,9,A ,WL1 ,9,10,,,,
J ,F ,9,B ,CP3 ,2,3,,,,
I ,F ,10,A ,YO11 ,6,5,,,,
I ,F ,10,B ,FR ,6,8,,,,
I ,F ,11,A ,WL1 ,7,13,,,,
I ,F ,11,B ,LV1 ,1,10,,,,
I ,F ,12,A ,WL2 ,2,4,,,,
I ,F ,12,B ,BH ,5,11,,,,
I ,F ,13,A ,TM2 ,5,13,,,,
I ,F ,13,B ,CP2 ,1,9,,,,
I ,F ,14,A ,FR ,4,10,,,,
I ,F ,14,B ,CP2 ,4,9,,,,
I ,F ,15,A ,DPR ,5,4,,,,
I ,F ,15,B ,YO4 ,4,3,,,,
I ,F ,16,A ,SQ1 ,5,9,,,,
I ,F ,16,B ,FR ,3,10,,,,
I ,F ,17,A ,CP3 ,3,4,,,,
I ,F ,17,B ,LVTR1 ,7,10,,,,
I ,F ,18,A ,DPR ,3,3,,,,
I ,F ,18,B ,YO7 ,5,6,,,,
I ,F ,19,A ,SC ,6,11,,,,
I ,F ,19,B ,SQ2 ,8,4,,,,no tag 
I ,F ,20,A ,DPR ,1,3,,,,
I ,F ,20,B ,WL1 ,9,4,,,,
I ,F ,21,A ,SC ,2,14,,,,
I ,F ,21,B ,YO8 ,8,11,,,,
I ,F ,22,A ,YO11 ,5,4,,,,
I ,F ,22,B ,CP2 ,2,9,,,,
I ,F ,23,A ,DPR ,4,3,,,,
I ,F ,23,B ,BH ,3,11,,,,
I ,F ,24,A ,TM2 ,2,4,,,,
I ,F ,24,B ,LVTR1 ,5,7,,,,
I ,F ,25,A ,YO11 ,7,4,,,,
I ,F ,25,B ,YO8 ,6,11,,,,
I ,F ,26,A ,WL2 ,8,4,,,,
I ,F ,26,B ,IH ,7,11,,,,
I ,F ,27,A ,LVTR1 ,4,6,,,,
I ,F ,27,B ,LV1 ,6,10,,,,
I ,F ,38,A ,NA ,NA ,NA ,,,,
I ,F ,38,B ,LV1* ,it buffe* ,buffer ,,,,
I ,F ,39,A ,SQ2 ,2,6,,,,
I ,F ,39,B ,YO11 ,6,4,,,,
I ,F ,40,A ,LVTR1 ,8,16,,,,
I ,F ,40,B ,NA ,NA ,NA ,,,,
I ,F ,41,A ,CP3 ,6,4,,,,
I ,F ,41,B ,CC ,1,11,,,,
I ,F ,42,A ,WL2 ,5,4,,,,
I ,F ,42,B ,CC ,3,11,,,,
I ,F ,43,A ,CC ,5,11,,,,
I ,F ,43,B ,CC ,8,11,,,,
I ,F ,44,A ,CP2 ,5,9,,,,
I ,F ,44,B ,TM2 ,7,21,,,,
I ,F ,45,A ,WL1 ,2,12,,,,
I ,F ,45,B ,YO7 ,6,7,,,,
I ,F ,46,A ,BH* ,buffer ,buffer ,,,,
I ,F ,46,B ,YO8* ,it buffe* ,buffer ,,,,
I ,F ,47,A ,NA ,NA ,NA ,,,,
I ,F ,47,B ,NA ,NA ,NA ,,,,
J ,F ,1,C ,YO11* ,it buffe* ,buffer ,,,,
J ,F ,1,D ,SC* ,k buffe* ,buffer ,,,,
J ,F ,2,C ,IH ,7,12,,,,
J ,F ,2,D ,YO11 ,8,14,,,,
J ,F ,3,C ,WL1 ,7,18,,,,
J ,F ,3,D ,WR ,2,11,,,,
J ,F ,4,C ,TM2 ,7,4,,,,
J ,F ,4,D ,YO11 ,4,1,,,,
J ,F ,5,C ,NA ,NA ,NA ,,,,
J ,F ,5,D ,WL1 ,7,1,,,,
J ,F ,6,C ,DPR ,8,18,,,,
J ,F ,6,D ,LV1 ,1,11,,,,
J ,F ,7,C ,CP3 ,3,5,,,,
J ,F ,7,D ,CP2 ,7,4,,,,
J ,F ,8,C ,SC ,6,12,,,,
J ,F ,8,D ,TM2 ,7,15,,,,
J ,F ,9,C ,LVTR1 ,6,14,,,,
J ,F ,9,D ,YO8 ,8,12,,,,
I ,F ,10,C ,NA ,NA ,NA ,,,,
I ,F ,10,D ,WR ,2,18,,,,
I ,F ,11,C ,SQ2 ,6,4,,,,
I ,F ,11,D ,YO11 ,5,17,,,,
I ,F ,12,C ,CP2 ,6,12,,,,
I ,F ,12,D ,YO11 ,1,4,,,,
I ,F ,13,C ,CP3 ,1,14,,,,
I ,F ,13,D ,SC ,8,11,,,,
I ,F ,14,C ,SQ3 ,3,13,,,,
I ,F ,14,D ,CP3 ,7,2,,,,
I ,F ,15,C ,WL2 ,1,4,,,,
I ,F ,15,D ,CP3 ,5,4,,,,
I ,F ,16,C ,YO8 ,3,7,,,,
I ,F ,16,D ,NA ,NA ,NA ,,,,
I ,F ,17,C ,TM2 ,7,3,,,,
I ,F ,17,D ,NA ,NA ,NA ,,,,
I ,F ,18,C ,BH ,7,11,,,,not dead 
I ,F ,18,D ,LV1 ,3,10,,,,
I ,F ,19,C ,YO8 ,5,11,,,,
I ,F ,19,D ,WL2 ,7,4,,,,
I ,F ,20,C ,DPR ,6,10,,,,
I ,F ,20,D ,LVTR1 ,2,9,,,,
I ,F ,21,C ,IH ,2,11,,,,
I ,F ,21,D ,FR ,7,11,,,,
I ,F ,22,C ,YO11 ,8,4,,,,
I ,F ,22,D ,DPR ,8,7,,,,
I ,F ,23,C ,SC ,2,23,,,,
I ,F ,23,D ,LV1 ,2,10,,,,
I ,F ,24,C ,YO8 ,1,7,,,,
I ,F ,24,D ,WL2 ,3,4,,,,
I ,F ,25,C ,CP2 ,3,9,,,,7/26: no leaves remaining 
I ,F ,25,D ,YO7 ,4,13,,,,
I ,F ,26,C ,TM2 ,4,5,,,,
I ,F ,26,D ,SC ,2,11,,,,
I ,F ,27,C ,YO4 ,3,13,,,,
I ,F ,27,D ,YO4 ,2,12,,,,
I ,F ,38,C ,NA ,NA ,NA ,,,,
I ,F ,38,D ,DPR* ,it buffe* ,buffer ,,,,
I ,F ,39,C ,SQ2 ,4,12,,,,
I ,F ,39,D ,LV1 ,4,10,,,,
I ,F ,40,C ,LV3 ,7,2,,,,
I ,F ,40,D ,YO7 ,2,12,,,,
I ,F ,41,C ,WL2 ,6,4,,,,
I ,F ,41,D ,YO7 ,6,18,,,,
I ,F ,42,C ,CP3 ,4,4,,,,
I ,F ,42,D ,CP3 ,1,3,,,,
I ,F ,43,C ,CC ,9,11,,,,
I ,F ,43,D ,YO8 ,4,11,,,,
I ,F ,44,C ,IH ,4,11,,,,
I ,F ,44,D ,LV1 ,5,10,,,,
I ,F ,45,C ,BH ,2,11,,,,
I ,F ,45,D ,LVTR1 ,8,12,,,,
I ,F ,46,C ,LV3 ,5,7,,,,
I ,F ,46,D ,NA ,NA ,NA ,,,,
I ,F ,47,C ,YO8* ,de buffe* ,buffer ,,,,
I ,F ,47,D ,YO8* ,de buffe* ,buffer ,,,,
J ,G ,1,A ,NA ,NA ,NA ,,,,
J ,G ,1,B ,NA ,NA ,NA ,,,,
J ,G ,2,A ,TM2* ,buffer ,buffer ,,,,
J ,G ,2,B ,TM2* ,buffer ,buffer ,,,,
J ,G ,3,A ,YO7 ,6,8,,,,
J ,G ,3,B ,TM2 ,3,1,,,,
J ,G ,4,A ,YO11 ,5,5,,,,
J ,G ,4,B ,YO11 ,7,5,,,,
J ,G ,5,A ,IH ,3,12,,,,
J ,G ,5,B ,IH ,4,12,,,,
J ,G ,6,A ,WL2 ,1,5,,,,
J ,G ,6,B ,YO4 ,2,13,,,,
J ,G ,7,A ,LVTR1 ,2,10,,,,
J ,G ,7,B ,YO4 ,5,2,,,,
J ,G ,8,A ,YO7 ,6,15,,,,
J ,G ,8,B ,SC ,2,24,,,,
J ,G ,9,A ,BH ,1,12,,,,
J ,G ,9,B ,YO8 ,3,8,,,,
J ,G ,10,A ,SC ,8,12,,,,
J ,G ,10,B ,CP2 ,4,10,,,,
J ,G ,11,A ,IH ,5,12,,,,
J ,G ,11,B ,LV3 ,3,4,,,,
J ,G ,12,A ,CC ,3,12,,,,
J ,G ,12,B ,LV1 ,5,11,,,,
J ,G ,13,A ,YO7 ,4,7,,,,
J ,G ,13,B ,CP3 ,7,4,,,,
J ,G ,14,A ,DPR ,3,4,,,,
J ,G ,14,B ,YO11 ,1,5,,,,
J ,G ,15,A ,BH ,3,12,,,,
J ,G ,15,B ,YO8 ,5,12,,,,
J ,G ,16,A ,CP2 ,5,10,,,,
J ,G ,16,B ,LVTR1 ,5,10,,,,
J ,G ,17,A ,CC ,9,12,,,,
J ,G ,17,B ,WL2 ,3,5,,,,
J ,G ,18,A ,LV1 ,4,11,,,,
J ,G ,18,B ,BH ,7,12,,,,
J ,G ,19,A ,YO7 ,5,18,,,,
J ,G ,19,B ,LVTR1 ,7,11,,,,
J ,G ,20,A ,SQ2 ,4,11,,,,
J ,G ,20,B ,YO8 ,6,12,,,,
J ,G ,21,A ,SQ2 ,8,5,,,,
J ,G ,21,B ,LVTR1 ,4,7,,,,
J ,G ,22,A ,FR ,7,12,,,,
J ,G ,22,B ,YO7 ,7,8,,,,
J ,G ,23,A ,FR ,3,2,,,,
J ,G ,23,B ,LV3 ,5,8,,,,
J ,G ,24,A ,CP2 ,3,10,,,,
J ,G ,24,B ,SC ,5,12,,,,
J ,G ,25,A ,DPR ,8,8,,,,
J ,G ,25,B ,BH ,2,12,,,,
J ,G ,26,A ,CP3* ,ic buffe* ,buffer ,,,,
J ,G ,26,B ,YO8* ,t buffe* ,buffer ,,,,
K ,G ,27,A ,DPR ,4,5,,,,
K ,G ,27,B ,FR ,7,13,,,,
K ,G ,28,A ,SQ3 ,2,1,,,,
K ,G ,28,B ,TM2 ,2,3,,,,
K ,G ,29,A ,YO4 ,1,12,,,,
K ,G ,29,B ,SQ3 ,6,4,,,,
K ,G ,30,A ,CC ,8,13,,,,
K ,G ,30,B ,CP3 ,5,6,,,,
K ,G ,31,A ,BH ,7,13,,,,
K ,G ,31,B ,SC ,5,13,,,,
K ,G ,32,A ,CP3 ,2,8,,,,
K ,G ,32,B ,YO11 ,5,6,,,,
K ,G ,33,A ,YO8 ,3,9,,,,
K ,G ,33,B ,WR ,2,15,,,,
K ,G ,34,A ,WL2 ,3,6,,,,
K ,G ,34,B ,LV1 ,1,12,,,,
K ,G ,35,A ,CC ,4,13,,,,
K ,G ,35,B ,CP2 ,3,11,,,,
K ,G ,36,A ,CP3 ,7,11,,,,
K ,G ,36,B ,CP3 ,4,6,,,,
K ,G ,37,A ,YO7 ,7,9,,,,
K ,G ,37,B ,BH ,1,13,,,,
K ,G ,38,A ,LVTR1 ,2,11,,,,
K ,G ,38,B ,DPR ,6,12,,,,
K ,G ,39,A ,TM2 ,7,17,,,,
K ,G ,39,B ,DPR ,8,14,,,,
K ,G ,40,A ,TM2 ,3,7,,,,
K ,G ,40,B ,SQ2 ,6,18,,,,
K ,G ,41,A ,CP2 ,1,11,,,,
K ,G ,41,B ,IH ,1,13,,,,
K ,G ,42,A ,YO11 ,4,5,,,,
K ,G ,42,B ,LV1 ,5,12,,,,
K ,G ,43,A ,IH ,6,13,,,,
K ,G ,43,B ,BH ,3,13,,,,
K ,G ,44,A ,BH* ,buffer ,buffer ,,,,
K ,G ,44,B ,BH* ,buffer ,buffer ,,,,
K ,G ,45,A ,NA ,NA ,NA ,,,,
K ,G ,45,B ,NA ,NA ,NA ,,,,
J ,G ,1,C ,NA ,NA ,NA ,,,,
J ,G ,1,D ,NA ,NA ,NA ,,,,
J ,G ,2,C ,TM2* ,buffer ,buffer ,,,,
J ,G ,2,D ,TM2* ,buffer ,buffer ,,,,
J ,G ,3,C ,SQ1 ,2,3,,,,
J ,G ,3,D ,WL1 ,2,4,,,,
J ,G ,4,C ,CP3 ,5,5,,,,
J ,G ,4,D ,YO4 ,3,12,,,,
J ,G ,5,C ,CP2 ,2,10,,,,
J ,G ,5,D ,YO7 ,5,7,,,,
J ,G ,6,C ,BH ,5,12,,,,
J ,G ,6,D ,IH ,2,12,,,,
J ,G ,7,C ,LV1 ,3,11,,,,
J ,G ,7,D ,BH ,4,12,,,,
J ,G ,8,C ,DPR ,7,2,,,,
J ,G ,8,D ,CC ,4,12,,,,
J ,G ,9,C ,LV1 ,6,11,,,,
J ,G ,9,D ,BH ,6,12,,,,
J ,G ,10,C ,CC ,8,12,,,,
J ,G ,10,D ,WL2 ,6,5,,,,
J ,G ,11,C ,WL2 ,2,5,,,,
J ,G ,11,D ,WV ,3,2,,,,
J ,G ,12,C ,SQ2 ,6,5,,,,
J ,G ,12,D ,CC ,5,12,,,,
J ,G ,13,C ,SQ2 ,1,3,,,,
J ,G ,13,D ,YO8 ,2,8,,,,
J ,G ,14,C ,SC ,2,12,,,,
J ,G ,14,D ,SQ1 ,14,1,,,,
J ,G ,15,C ,DPR ,6,11,,,,
J ,G ,15,D ,YO8 ,4,1,,,,
J ,G ,16,C ,TM2 ,5,5,,,,
J ,G ,16,D ,TM2 ,3,5,,,,
J ,G ,17,C ,CP3 ,1,4,,,,
J ,G ,17,D ,CP3 ,6,5,,,,
J ,G ,18,C ,SQ3 ,7,5,,,,
J ,G ,18,D ,IH ,6,12,,,,
J ,G ,19,C ,WL2 ,5,5,,,,
J ,G ,19,D ,YO11 ,8,5,,,,
J ,G ,20,C ,SC ,4,12,,,,
J ,G ,20,D ,SQ3 ,1,4,,,,
J ,G ,21,C ,SQ3 ,3,7,,,,
J ,G ,21,D ,CP3 ,4,5,,,,
J ,G ,22,C ,LVTR1 ,8,13,,,,
J ,G ,22,D ,NA ,NA ,NA ,,,,
J ,G ,23,C ,NA ,NA ,NA ,,,,
J ,G ,23,D ,NA ,NA ,NA ,,,,
J ,G ,24,C ,CP2 ,1,10,,,,
J ,G ,24,D ,LV1 ,2,11,,,,
J ,G ,25,C ,WL2 ,7,5,,,,
J ,G ,25,D ,LVTR1 ,6,10,,,,
J ,G ,26,C ,LV1* ,it buffe* ,buffer ,,,,
J ,G ,26,D ,LV1* ,it buffel* ,buffer ,,,,
K ,G ,27,C ,YO7 ,6,9,,,,
K ,G ,27,D ,BH ,5,13,,,,
K ,G ,28,C ,SC ,2,13,,,,
K ,G ,28,D ,FR ,5,8,,,,
K ,G ,29,C ,DPR ,1,5,,,,
K ,G ,29,D ,LV1 ,4,12,,,,
K ,G ,30,C ,YO11 ,6,6,,,,
K ,G ,30,D ,CP2 ,5,11,,,,
K ,G ,31,C ,TM2 ,7,5,,,,
K ,G ,31,D ,LVTR1 ,7,13,,,,
K ,G ,32,C ,CC ,2,13,,,,
K ,G ,32,D ,WL2 ,7,6,,,,
K ,G ,33,C ,CP3 ,3,6,,,,
K ,G ,33,D ,YO8 ,2,9,,,,
K ,G ,34,C ,WL2 ,5,6,,,,
K ,G ,34,D ,YO8 ,8,13,,,,
K ,G ,35,C ,LV3 ,5,9,,,,
K ,G ,35,D ,SC ,4,13,,,,
K ,G ,36,C ,LV1 ,3,12,,,,
K ,G ,36,D ,SQ2 ,1,6,,,,
K ,G ,37,C ,SQ3 ,6,11,,,,
K ,G ,37,D ,IH ,7,13,,,,
K ,G ,38,C ,CC ,9,13,,,,
K ,G ,38,D ,LVTR1 ,5,5,,,,
K ,G ,39,C ,DPR ,3,5,,,,
K ,G ,39,D ,CP2 ,7,5,,,,
K ,G ,40,C ,BH ,2,13,,,,
K ,G ,40,D ,SQ2 ,6,6,,,,
K ,G ,41,C ,WL1 ,3,10,,,,
K ,G ,41,D ,YO8 ,1,9,,,,
K ,G ,42,C ,SC ,2,27,,,,
K ,G ,42,D ,LVTR1 ,7,17,,,,
K ,G ,43,C ,YO11 ,8,6,,,,
K ,G ,43,D ,WL1 ,9,2,,,,
K ,G ,44,C ,BH* ,buffer ,buffer ,,,,
K ,G ,44,D ,BH* ,bufferbuffer ,,,,,
K ,G ,45,C ,NA ,NA ,NA ,,,,
K ,G ,45,D ,NA ,NA ,NA ,,,,
L ,H ,1,A ,BH* ,buffer ,buffer ,,,,
L ,H ,1,B ,DPR ,8,10,,,,
L ,H ,2,A ,LV1 ,5,13,,,,
L ,H ,2,B ,WL2 ,5,7,,,,
L ,H ,3,A ,CP2 ,6,13,,,,
L ,H ,3,B ,CC ,8,1,,,,
L ,H ,4,A ,BH ,6,1,,,,
L ,H ,4,B ,SQ3 ,4,4,,,,
L ,H ,5,A ,SC ,4,1,,,,
L ,H ,5,B ,CP3 ,3,7,,,,
L ,H ,6,A ,YO7 ,7,10,,,,
L ,H ,6,B ,SC ,2,26,,,,
L ,H ,7,A ,IH ,6,1,,,,
L ,H ,7,B ,NA ,NA ,NA ,,,,
L ,H ,8,A ,CP2 ,5,12,,,,
L ,H ,8,B ,YO8 ,5,14,,,,
L ,H ,9,A ,NA ,NA ,NA ,,,,
L ,H ,9,B ,WL2 ,8,7,,,,
L ,H ,10,A ,NA ,NA ,NA ,,,,
L ,H ,10,B ,CP3 ,2,11,,,,
L ,H ,11,A ,NA ,NA ,NA ,,,,
L ,H ,11,B ,IH ,2,1,,,,
L ,H ,12,A ,NA ,NA ,NA ,,,,
L ,H ,12,B ,SC ,2,1,,,,
L ,H ,13,A ,TM2 ,2,6,,,,
L ,H ,13,B ,DPR ,6,13,,,,
L ,H ,14,A ,NA ,NA ,NA ,,,,
L ,H ,14,B ,NA ,NA ,NA ,,,,
L ,H ,15,A ,NA ,NA ,NA ,,,,
L ,H ,15,B ,SQ3 ,3,5,,,,
L ,H ,16,A ,NA ,NA ,NA ,,,,
L ,H ,16,B ,NA ,NA ,NA ,,,,
L ,H ,17,A ,CP3 ,3,15,,,,
L ,H ,17,B ,CC ,1,1,,,,
K ,H ,18,A ,FR ,6,9,,,,
K ,H ,18,B ,YO8 ,2,10,,,,
K ,H ,19,A ,LV3 ,7,4,,,,
K ,H ,19,B ,YO8 ,6,13,,,,
K ,H ,20,A ,LV1 ,8,12,,,,
K ,H ,20,B ,BH ,4,13,,,,
K ,H ,21,A ,YO8 ,4,3,,,,
K ,H ,21,B ,TM2 ,1,12,,,,
K ,H ,22,A ,FR ,6,4,,,,
K ,H ,22,B ,LV3 ,7,3,,,,
K ,H ,23,A ,YO4 ,5,3,,,,
K ,H ,23,B ,WL2 ,8,6,,,,
K ,H ,24,A ,CP2 ,4,11,,,,
K ,H ,24,B ,CP2 ,4,14,,,,
K ,H ,25,A ,YO7 ,3,3,,,,
K ,H ,25,B ,SC ,4,14,,,,
K ,H ,26,A ,CP3 ,1,5,,,,
K ,H ,26,B ,YO7 ,7,21,,,,
K ,H ,27,A ,TM2 ,6,10,,,,
K ,H ,27,B ,WL2 ,1,6,,,,
K ,H ,28,A ,CP3 ,6,6,,,,
K ,H ,28,B ,WL2 ,6,6,,,,
K ,H ,29,A ,WL1 ,7,2,,,,
K ,H ,29,B ,YO11 ,6,16,,,,
K ,H ,30,A ,LVTR1 ,4,5,,,,
K ,H ,30,B ,IH ,3,13,,,,
K ,H ,31,A ,YO7 ,4,11,,,,
K ,H ,31,B ,FR ,4,12,,,,
K ,H ,32,A ,BH ,6,13,,,,
K ,H ,32,B ,CC ,5,13,,,,
K ,H ,33,A ,CP3 ,1,6,,,,
K ,H ,33,B ,YO8 ,6,1,,,,
K ,H ,34,A ,WL2 ,2,7,,,,
K ,H ,34,B ,BH* ,buffer ,buffer ,,,,
L ,H ,1,C ,NA ,NA ,NA ,,,,
L ,H ,1,D ,LV3 ,5,10,,,,
L ,H ,2,C ,BH* ,buffer ,buffer ,,,,
L ,H ,2,D ,NA ,NA ,NA ,,,,
L ,H ,3,C ,YO7 ,7,15,,,,
L ,H ,3,D ,YO7 ,5,9,,,,
L ,H ,4,C ,NA ,NA ,NA ,,,,
L ,H ,4,D ,LVTR1 ,8,25,,,,
L ,H ,5,C ,NA ,NA ,NA ,,,,
L ,H ,5,D ,YO8 ,1,10,,,,
L ,H ,6,C ,TM2 ,5,11,,,,
L ,H ,6,D ,CP2 ,7,6,,,,
L ,H ,7,C ,NA ,NA ,NA ,,,,
L ,H ,7,D ,CC ,5,1,,,,
L ,H ,8,C ,DPR ,3,6,,,,
L ,H ,8,D ,YO4 ,2,14,,,,
L ,H ,9,C ,YO11 ,8,7,,,,
L ,H ,9,D ,SQ3 ,7,7,,,,
L ,H ,10,C ,YO8 ,8,1,,,,
L ,H ,10,D ,SQ2 ,4,6,,,,
L ,H ,11,C ,IH ,4,1,,,,
L ,H ,11,D ,NA ,NA ,NA ,,,,
L ,H ,12,C ,YO7 ,4,1,,,,
L ,H ,12,D ,NA ,NA ,NA ,,,,
L ,H ,13,C ,WL1 ,7,3,,,,
L ,H ,13,D ,NA ,NA ,NA ,,,,
L ,H ,14,C ,NA ,NA ,NA ,,,,
L ,H ,14,D ,WR ,2,21,,,,
L ,H ,15,C ,CC ,3,1,,,,
L ,H ,15,D ,CP2 ,1,12,,,,
L ,H ,16,C ,NA ,NA ,NA ,,,,
L ,H ,16,D ,SC ,8,1,,,,
L ,H ,17,C ,NA ,NA ,NA ,,,,
L ,H ,17,D ,YO7 ,7,26,,,,
K ,H ,18,C ,WL2 ,3,7,,,,
K ,H ,18,D ,LVTR1 ,2,12,,,,
K ,H ,19,C ,SC ,6,1,,,,
K ,H ,19,D ,SQ1 ,3,6,,,,
K ,H ,20,C ,SQ2 ,8,6,,,,
K ,H ,20,D ,CP2 ,2,11,,,,
K ,H ,21,C ,CC ,3,13,,,,
K ,H ,21,D ,YO11 ,7,6,,,,
K ,H ,22,C ,LV1 ,6,12,,,,
K ,H ,22,D ,YO4 ,2,1,,,,
K ,H ,23,C ,WL1 ,7,19,,,,
K ,H ,23,D ,LVTR1 ,6,11,,,,
K ,H ,24,C ,CC ,1,13,,,,
K ,H ,24,D ,SC ,6,13,,,,
K ,H ,25,C ,LV1 ,2,12,,,,
K ,H ,25,D ,YO11 ,1,6,,,,
K ,H ,26,C ,DPR ,8,9,,,,
K ,H ,26,D ,YO7 ,5,8,,,,
K ,H ,27,C ,WL2 ,2,6,,,,
K ,H ,27,D ,TM2 ,5,7,,,,
K ,H ,28,C ,YO8 ,5,13,,,,
K ,H ,28,D ,SQ1 ,14,11,,,,
K ,H ,29,C ,YO7 ,4,8,,,,
K ,H ,29,D ,SC ,8,13,,,,
K ,H ,30,C ,DPR ,5,5,,,,
K ,H ,30,D ,IH ,4,13,,,,
K ,H ,31,C ,IH ,5,13,,,,
K ,H ,31,D ,SQ2 ,6,21,,,,
K ,H ,32,C ,SQ1 ,5,2,,,,
K ,H ,32,D ,IH ,2,13,,,,
K ,H ,33,C ,CP2 ,3,12,,,,
K ,H ,33,D ,SQ2 ,13,9,,,,
K ,H ,34,C ,LVTR1 ,6,12,,,,
K ,H ,34,D ,BH* ,buffer ,buffer ,,,,
L ,I ,1,A ,NA ,NA ,NA ,,,,
L ,I ,1,B ,BH* ,buffer ,buffer ,,,,
L ,I ,2,A ,BH* ,buffer ,buffer ,,,,
L ,I ,2,B ,LV1 ,6,13,,,,
L ,I ,3,A ,NA ,NA ,NA ,,,,
L ,I ,3,B ,CP3 ,5,7,,,,
L ,I ,4,A ,SQ2 ,6,7,,,,
L ,I ,4,B ,YO8 ,3,10,,,,
L ,I ,5,A ,WL1 ,3,8,,,,
L ,I ,5,B ,YO7 ,6,10,,,,
L ,I ,6,A ,FR ,5,5,,,,
L ,I ,6,B ,BH ,7,1,,,,
L ,I ,7,A ,YO11 ,6,7,,,,
L ,I ,7,B ,DPR ,4,6,,,,
L ,I ,8,A ,WL1 ,7,16,,,,
L ,I ,8,B ,CC ,9,1,,,,
L ,I ,9,A ,WL2 ,7,7,,,,
L ,I ,9,B ,SQ2 ,8,7,,,,
L ,I ,10,A ,CP2 ,4,12,,,,
L ,I ,10,B ,CC ,4,1,,,,
L ,I ,11,A ,DPR ,5,9,,,,
L ,I ,11,B ,LVTR1 ,3,7,,,,
L ,I ,12,A ,IH ,1,1,,,,
L ,I ,12,B ,IH ,7,1,,,,
L ,I ,13,A ,YO11 ,4,10,,,,
L ,I ,13,B ,LV1 ,3,13,,,,
L ,I ,14,A ,LV1 ,1,13,,,,
L ,I ,14,B ,TM2 ,1,13,,,,
L ,I ,15,A ,BH ,5,1,,,,
L ,I ,15,B ,FR ,4,13,,,,
L ,I ,16,A ,SQ1 ,2,11,,,,
L ,I ,16,B ,BH ,2,1,,,,
L ,I ,17,A ,YO8 ,5,1,,,,
L ,I ,17,B ,LV1 ,2,13,,,,
L ,I ,18,A ,BH ,1,1,,,,
L ,I ,18,B ,TM2 ,6,9,,,,
M ,I ,19,A ,YO11 ,7,8,,,,
M ,I ,19,B ,WL2 ,1,8,,,,
M ,I ,20,A ,SQ2 ,1,7,,,,
M ,I ,20,B ,YO7 ,5,19,,,,
M ,I ,21,A ,DPR ,8,17,,,,
M ,I ,21,B ,WL1 ,7,21,,,,
M ,I ,22,A ,LV1 ,3,1,,,,
M ,I ,22,B ,CP2 ,3,13,,,,
M ,I ,23,A ,BH* ,buffer ,buffer ,,,,
M ,I ,23,B ,BH* ,buffer ,buffer ,,,,
M ,I ,24,A ,NA ,NA ,NA ,,,,
M ,I ,24,B ,NA ,NA ,NA ,,,,
L ,I ,1,C ,NA ,NA ,NA ,,,,
L ,I ,1,D ,BH* ,buffer ,buffer ,,,,
L ,I ,2,C ,BH* ,buffer ,buffer ,,,,
L ,I ,2,D ,WL2 ,1,7,,,,
L ,I ,3,C ,YO11 ,1,7,,,,
L ,I ,3,D ,BH ,4,1,,,,
L ,I ,4,C ,NA ,NA ,NA ,,,,
L ,I ,4,D ,SC ,4,16,,,,
L ,I ,5,C ,LVTR1 ,4,12,,,,
L ,I ,5,D ,NA ,NA ,NA ,,,,
L ,I ,6,C ,YO11 ,7,7,,,,
L ,I ,6,D ,LV1 ,4,13,,,,
L ,I ,7,C ,DPR ,1,6,,,,
L ,I ,7,D ,BH ,3,1,,,,
L ,I ,8,C ,IH ,3,1,,,,
L ,I ,8,D ,LVTR1 ,8,18,,,,
L ,I ,9,C ,DPR ,6,20,,,,
L ,I ,9,D ,YO11 ,8,15,,,,
L ,I ,10,C ,CP3 ,6,7,,,,
L ,I ,10,D ,YO4 ,4,1,,,,
L ,I ,11,C ,LV1 ,8,13,,,,
L ,I ,11,D ,FR ,7,1,,,,
L ,I ,12,C ,SC ,5,1,,,,
L ,I ,12,D ,YO11 ,5,7,,,,
L ,I ,13,C ,WL1 ,9,1,,,,
L ,I ,13,D ,CP3 ,4,7,,,,
L ,I ,14,C ,TM2 ,3,8,,,,
L ,I ,14,D ,TM2 ,7,6,,,,
L ,I ,15,C ,LVTR1 ,8,1,,,,
L ,I ,15,D ,IH ,5,1,,,,
L ,I ,16,C ,YO7 ,2,10,,,,
L ,I ,16,D ,CP2 ,2,12,,,,
L ,I ,17,C ,CC ,2,1,,,,
L ,I ,17,D ,WL2 ,6,7,,,,
L ,I ,18,C ,YO4 ,2,2,,,,
L ,I ,18,D ,NA ,NA ,NA ,,,,
M ,I ,19,C ,SC ,2,22,,,,
M ,I ,19,D ,YO7 ,6,11,,,,
M ,I ,20,C ,CP3 ,2,5,,,,
M ,I ,20,D ,IH ,2,2,,,,
M ,I ,21,C ,CP2 ,5,13,,,,
M ,I ,21,D ,WL2 ,6,8,,,,
M ,I ,22,C ,BH ,1,2,,,,
M ,I ,22,D ,CC ,4,2,,,,
M ,I ,23,C ,BH* ,buffer ,buffer ,,,,
M ,I ,23,D ,BH* ,buffer ,buffer ,,,,
M ,I ,24,C ,NA ,NA ,NA ,,,,
M ,I ,24,D ,NA ,NA ,NA ,,,,
M ,J ,1,A ,NA ,NA ,NA ,,,,
M ,J ,1,B ,NA ,NA ,NA ,,,,
M ,J ,2,A ,IH* ,k buffe* ,buffer ,,,,
M ,J ,2,B ,LV1* ,* buffe* ,buffer ,,,,
M ,J ,3,A ,CP2 ,7,14,,,,
M ,J ,3,B ,CP3 ,5,8,,,,
M ,J ,4,A ,YO7 ,3,8,,,,
M ,J ,4,B ,DPR ,3,7,,,,
M ,J ,5,A ,TM2 ,2,11,,,,
M ,J ,5,B ,IH ,3,2,,,,
M ,J ,6,A ,LV1 ,2,1,,,,
M ,J ,6,B ,SC ,5,2,,,,
M ,J ,7,A ,SQ2 ,8,8,,,,
M ,J ,7,B ,BH ,2,2,,,,
M ,J ,8,A ,BH ,5,2,,,,
M ,J ,8,B ,WL1 ,2,13,,,,
M ,J ,9,A ,FR ,7,2,,,,
M ,J ,9,B ,CP3 ,1,7,,,,
M ,J ,10,A ,BH ,4,2,,,,
M ,J ,10,B ,DPR ,4,7,,,,
M ,J ,11,A ,LV1 ,4,1,,,,
M ,J ,11,B ,CP2 ,1,13,,,,
M ,J ,12,A ,SQ2 ,6,15,,,,
M ,J ,12,B ,WL1 ,9,9,,,,
M ,J ,13,A ,CP2 ,7,7,,,,
M ,J ,13,B ,LVTR1 ,3,2,,,,
M ,J ,14,A ,LVTR1 ,2,13,,,,
M ,J ,14,B ,WL2 ,5,8,,,,
M ,J ,15,A ,YO7 ,7,11,,,,
M ,J ,15,B ,LV3 ,7,7,,,,
M ,J ,16,A ,CP3 ,4,8,,,,
M ,J ,16,B ,SC ,2,2,,,,
M ,J ,17,A ,YO8 ,1,11,,,,
M ,J ,17,B ,TM2 ,5,12,,,,
M ,J ,18,A ,DPR ,1,7,,,,
M ,J ,18,B ,SC ,8,2,,,,
M ,J ,19,A ,NA ,NA ,NA ,,,,
M ,J ,19,B ,CP3* ,A buffe* ,buffer ,,,,
M ,J ,20,A ,NA ,NA ,NA ,,,,
M ,J ,20,B ,NA ,NA ,NA ,,,,
M ,J ,1,C ,NA ,NA ,NA ,,,,
M ,J ,1,D ,NA ,NA ,NA ,,,,
M ,J ,2,C ,CP2* ,* buff6* ,buffer ,,,,
M ,J ,2,D ,IH* ,k buffe* ,buffer ,,,,
M ,J ,3,C ,SQ3 ,2,12,,,,
M ,J ,3,D ,CC ,8,2,,,,
M ,J ,4,C ,FR ,2,10,,,,
M ,J ,4,D ,TM2 ,7,7,,,,
M ,J ,5,C ,YO4 ,3,4,,,,
M ,J ,5,D ,SQ3 ,6,13,,,,
M ,J ,6,C ,CC ,2,2,,,,
M ,J ,6,D ,YO8 ,8,2,,,,
M ,J ,7,C ,YO7 ,6,16,,,,
M ,J ,7,D ,YO7 ,5,10,,,,
M ,J ,8,C ,NA ,NA ,NA ,,,,
M ,J ,8,D ,YO11 ,6,8,,,,
M ,J ,9,C ,CP2 ,4,13,,,,
M ,J ,9,D ,FR ,4,1,,,,
M ,J ,10,C ,SQ1 ,14,3,,,,
M ,J ,10,D ,TM2 ,3,10,,,,
M ,J ,11,C ,YO11 ,1,8,,,,
M ,J ,11,D ,IH ,5,2,,,,
M ,J ,12,C ,LV1 ,6,1,,,,
M ,J ,12,D ,LVTR1 ,8,3,,,,
M ,J ,13,C ,BH ,6,2,,,,
M ,J ,13,D ,WL2 ,3,8,,,,
M ,J ,14,C ,YO8 ,5,2,,,,
M ,J ,14,D ,YO8 ,6,2,,,,
M ,J ,15,C ,LV1 ,5,1,,,,
M ,J ,15,D ,DPR ,5,3,,,,
M ,J ,16,C ,BH ,7,2,,,,
M ,J ,16,D ,WL2 ,8,8,,,,
M ,J ,17,C ,LV1 ,1,1,,,,
M ,J ,17,D ,LV1 ,8,1,,,,
M ,J ,18,C ,IH ,4,2,,,,
M ,J ,18,D ,YO8 ,2,11,,,,
M ,J ,19,C ,WL2* ,Jc buffe* ,buffer ,,,,
M ,J ,19,D ,BH* ,buffer ,buffer ,,,,
M ,J ,20,C ,NA ,NA ,NA ,,,,
M ,J ,20,D ,NA ,NA ,NA ,,,,
M ,K ,1,A ,NA ,NA ,NA ,,,,
M ,K ,1,B ,NA ,NA ,NA ,,,,
M ,K ,2,A ,CP2 ,7,16,,,,
M ,K ,2,B ,IH ,4,14,,,,
M ,K ,3,A ,LVTR1 ,6,13,,,,
M ,K ,3,B ,SC ,2,15,,,,
M ,K ,4,A ,LVTR1 ,8,15,,,,
M ,K ,4,B ,IH ,6,2,,,,
M ,K ,5,A ,CP3 ,3,8,,,,
M ,K ,5,B ,YO11 ,8,8,,,,
M ,K ,6,A ,SQ2 ,6,8,,,,
M ,K ,6,B ,CC ,3,2,,,,
M ,K ,7,A ,DPR ,6,1,,,,
M ,K ,7,B ,WL2 ,2,8,,,,
M ,K ,8,A ,WL1 ,7,4,,,,
M ,K ,8,B ,FR ,5,11,,,,
M ,K ,9,A ,YO11 ,4,3,,,,
M ,K ,9,B ,TM2 ,1,1,,,,
M ,K ,10,A ,YO7 ,1,2,,,,
M ,K ,10,B ,CP3 ,6,8,,,,
M ,K ,11,A ,YO8 ,4,2,,,,
M ,K ,11,B ,SQ2 ,6,26,,,,
M ,K ,12,A ,YO11 ,5,8,,,,
M ,K ,12,B ,CC ,5,2,,,,
M ,K ,13,A ,CC ,1,2,,,,
M ,K ,13,B ,BH* ,buffer ,buffer ,,,,
M ,K ,14,A ,BH* ,buffer ,buffer ,,,,
M ,K ,14,B ,NA ,NA ,NA ,,,,
M ,K ,1,C ,NA ,NA ,NA ,,,,
M ,K ,1,D ,NA ,NA ,NA ,,,,
M ,K ,2,C ,YO7 ,5,13,,,,
M ,K ,2,D ,LV1* ,it buffel* ,buffer ,,,,
M ,K ,3,C ,IH ,7,2,,,,
M ,K ,3,D ,DPR ,8,11,,,,
M ,K ,4,C ,SQ3 ,4,3,,,,
M ,K ,4,D ,CC ,9,2,,,,
M ,K ,5,C ,CC ,1,2,,,,no plant/tag? 
M ,K ,5,D ,YO4 ,2,3,,,,
M ,K ,6,C ,LVTR1 ,5,3,,,,
M ,K ,6,D ,YO4 ,4,2,,,,
M ,K ,7,C ,SC ,6,2,,,,
M ,K ,7,D ,YO11 ,6,15,,,,
M ,K ,8,C ,IH ,1,2,,,,
M ,K ,8,D ,BH ,3,2,,,,
M ,K ,9,C ,SC ,4,2,,,,
M ,K ,9,D ,YO8 ,3,11,,,,
M ,K ,10,C ,CP2 ,2,13,,,,
M ,K ,10,D ,WL2 ,7,8,,,,
M ,K ,11,C ,SQ1 ,2,9,,,,
M ,K ,11,D ,TM2 ,7,22,,,,
M ,K ,12,C ,LV3 ,5,11,,,,
M ,K ,12,D ,TM2 ,6,12,,,,
M ,K ,13,C ,CP3 ,3,14,,,,
M ,K ,13,D ,BH* ,buffer ,buffer ,,,,
M ,K ,14,C ,NA ,NA ,NA ,,,,
M ,K ,14,D ,NA ,NA ,NA ,,,,