Date,block ,bed ,bed. row ,bed. col ,pop ,mf ,rep ,height.cm ,long.leaf.c m ,herbiv.y.n ,survey.notes ,planting.note ,
8/30/2023,A ,A ,1,A ,TM2 ,6,11,15.4,1.3,N ,,,
8/30/2023,A ,A ,1,B ,LVTR1 ,7,1,,,,dead ,,
8/30/2023,A ,A ,2,A ,SQ2 ,6,14,,,,dead ,,
8/30/2023,A ,A ,2,B ,YO8 ,8,3,,,,dead ,,
8/30/2023,A ,A ,3,A ,CC ,2,3,9.1,2.4,Y ,,,
8/30/2023,A ,A ,3,B ,YO11 ,5,14,,,,dead ,,
8/30/2023,A ,A ,4,A ,BH ,6,3,,,,dead ,,
8/30/2023,A ,A ,4,B ,DPR ,4,8,,,,dead ,,
8/30/2023,A ,A ,5,A ,CP2 ,5,1,1.6,2.2,N ,,,
8/30/2023,A ,A ,5,B ,LVTR1 ,3,12,,,,dead,,
8/30/2023,A ,A ,6,A ,CC ,5,3,5.4,2.1,Y ,,,
8/30/2023,A ,A ,6,B ,CC ,3,3,7.9,2.3,Y ,,,
8/30/2023,A ,A ,7,A ,WL1 ,2,8,,,,dead ,,
8/30/2023,A ,A ,7,B ,IH ,5,3,4.1,2.9,Y ,,,
8/30/2023,A ,A ,8,A ,DPR ,6,15,,,,dead ,,
8/30/2023,A ,A ,8,B ,CP3 ,5,9,0.9,1.2,Y ,,,
8/30/2023,A ,A ,9,A ,SC ,6,3,,,,dead ,,
8/30/2023,A ,A ,9,B ,SQ2 ,8,9,1.6,1.5,Y ,,,
8/30/2023,A ,A ,10,A ,FR ,4,2,,,,dead ,,
8/30/2023,A ,A ,10,B ,CP2 ,3,1,,,,dead ,,
8/30/2023,A ,A ,11,A ,YO8 ,2,12,,,,dead ,,
8/30/2023,A ,A ,11,B ,LV3 ,7,9,,,,dead ,,
8/30/2023,A ,A ,12,A ,YO7 ,5,11,,,,dead ,,
8/30/2023,A ,A ,12,B ,TM2 ,7,20,,,,dead ,,
8/30/2023,A ,A ,13,A ,YO7 ,7,12,,,,dead ,,
8/30/2023,A ,A ,13,B ,YO8 ,1,12,,,,dead ,,
8/30/2023,A ,A ,14,A ,WV ,4,8,,,,dead ,,
8/30/2023,A ,A ,14,B ,CP3 ,6,9,,,,dead ,,
8/30/2023,A ,A ,15,A ,DPR ,1,8,,,,dead ,,
8/30/2023,A ,A ,15,B ,YO11 ,7,9,3.1,1.7,Y ,,,
8/30/2023,A ,A ,16,A ,CP2 ,4,1,1.1,0.9,N ,,,
8/30/2023,A ,A ,16,B ,BH ,3,3,4.6,2.7,Y ,,,
8/30/2023,A ,A ,17,A ,BH ,7,3,7.4,4.2,Y ,,,
8/30/2023,A ,A ,17,B ,YO11 ,5,9,2.5,1.1,Y ,,,
8/30/2023,A ,A ,18,A ,BH ,4,3,5.2,5,Y ,,,
8/30/2023,A ,A ,18,B ,LVTR1 ,8,17,1.3,0.2,Y ,,,
8/30/2023,A ,A ,19,A ,SQ3 ,4,7,0.8,1.3,N ,,,
8/30/2023,A ,A ,19,B ,YO11 ,8,9,,,,dead ,,
8/30/2023,A ,A ,20,A ,CC ,9,3,7.6,2.5,Y ,,,
8/30/2023,A ,A ,20,B ,WL2 ,8,9,1.7,0.9,N ,,,
8/30/2023,A ,A ,21,A ,CP2 ,6,5,2.4,1.6,Y ,,,
8/30/2023,A ,A ,21,B ,LVTR1 ,8,4,2.3,1.2,Y ,,,
8/30/2023,A ,A ,22,A ,LVTR1 ,2,1,3.4,1,N ,all leaves are dead.Almost dead,,
8/30/2023,A ,A ,22,B ,IH ,6,3,3.7,2.1,Y ,,,
8/30/2023,A ,A ,23,A ,FR ,7,3,6.8,1.4,Y ,,,
8/30/2023,A ,A ,23,B ,WL1 ,4,11,2.9,1,N ,,,
8/30/2023,A ,A ,24,A ,WL2 ,7,9,3.8,1.3,N ,,,
8/30/2023,A ,A ,24,B ,LV1 ,6,2,,,,dead ,,
8/30/2023,A ,A ,25,A ,YO4 ,1,13,4.1,2.3,Y ,,,
8/30/2023,A ,A ,25,B ,SQ2 ,1,5,,,,dead ,,
8/30/2023,A ,A ,26,A ,YO8 ,4,6,,,,dead ,,
8/30/2023,A ,A ,26,B ,CP3 ,2,9,0.4,1.2,Y ,,,
8/30/2023,A ,A ,27,A ,BH ,5,3,,,,dead ,,
8/30/2023,A ,A ,27,B ,DPR ,4,14,,,,dead ,,
8/30/2023,A ,A ,28,A ,YO7 ,5,15,,,,dead ,,
8/30/2023,A ,A ,28,B ,YO11 ,4,2,,,,dead ,,
8/30/2023,A ,A ,29,A ,YO8 ,3,12,,,,dead ,,
8/30/2023,A ,A ,29,B ,WL2 ,3,9,,,,dead ,,
8/30/2023,A ,A ,30,A ,TM2 ,1,2,,,,dead ,,
8/30/2023,A ,A ,30,B ,DPR ,3,8,,,,dead ,,
8/30/2023,A ,A ,31,A ,WL2 ,3,10,1.8,1.4,Y ,,new location ,
8/30/2023,A ,A ,31,B ,YO7 ,1,10,,,,dead ,new location ,
8/30/2023,B ,A ,32,A ,LVTR1 ,2,2,,,,dead ,,
8/30/2023,B ,A ,32,B ,IH ,7,4,8.1,3.6,N ,,,
8/30/2023,B ,A ,33,A ,FR ,1,12,,,,dead ,,
8/30/2023,B ,A ,33,B ,WL1 ,7,17,,,,dead ,,
8/30/2023,B ,A ,34,A ,YO11 ,1,10,,,,dead ,,
8/30/2023,B ,A ,34,B ,CP2 ,5,2,,,,dead ,,
8/30/2023,B ,A ,35,A ,SC ,8,4,4.8,2.6,Y ,,,
8/30/2023,B ,A ,35,B ,BH ,4,4,,,,dend ,,
8/30/2023,B ,A ,36,A ,BH ,3,4,5.5,4.1,Y ,,,
8/30/2023,B ,A ,36,B ,LVTR1 ,7,2,,,,dead ,,
8/30/2023,B ,A ,37,A ,WR ,2,2,,,,dead ,,
8/30/2023,B ,A ,37,B ,WL2 ,8,10,4.1,2.5,Y ,,,
8/30/2023,B ,A ,38,A ,FR ,4,3,4.1,,Y ,almost dead. No leaves,,
8/30/2023,B ,A ,38,B ,CP3 ,3,10,,,,dead ,,
8/30/2023,B ,A ,39,A ,LVTR1 ,3,8,,,,dead ,,
8/30/2023,B ,A ,39,B ,WL2 ,7,10,6.3,1.1,Y ,,,
8/30/2023,B ,A ,40,A ,DPR ,4,9,4.6,2,Y ,,,
8/30/2023,B ,A ,40,B ,BH ,5,4,8,4.4,Y ,,,
8/30/2023,B ,A ,41,A ,NA ,NA ,NA ,,,,,,
8/30/2023,B ,A ,41,B ,NA ,NA ,NA ,,,,,no hole/not planted ,
8/30/2023,B ,A ,42,A ,IH ,3,4,8.1,4.6,N ,,no hole/not planted ,
8/30/2023,B ,A ,42,B ,CP2 ,3,2,2.7,2.3,Y ,,,
8/30/2023,B ,A ,43,A ,TM2 ,6,1,36.2,2.7,Y ,,,
8/30/2023,B ,A ,43,B ,WL1 ,3,6,3.2,2.2,Y ,,,
8/30/2023,B ,A ,44,A ,DPR ,1,9,,,,dead ,,
8/30/2023,B ,A ,44,B ,LV1 ,2,3,,,,dead ,,
8/30/2023,B ,A ,45,A ,CP3 ,5,10,,,,dead ,,
8/30/2023,B ,A ,45,B ,IH ,2,4,9.8,4.1,Y ,,plant present 7/26 ,
8/30/2023,B ,A ,46,A ,CP3 ,4,10,1.1,2,Y ,,,
8/30/2023,B ,A ,46,B ,TM2 ,3,11,12.7,2.3,Y ,,,
8/30/2023,B ,A ,47,A ,SQ3 ,5,4,1.1,,Y ,no leaves. almost dead,,
8/30/2023,B ,A ,47,B ,YO11 ,6,14,,,,dead ,,
8/30/2023,B ,A ,48,A ,CC ,2,4,,,,dead ,,
8/30/2023,B ,A ,48,B ,YO8 ,2,13,,,,dead ,,
8/30/2023,B ,A ,49,A ,YO7 ,7,23,1.4,0.7,Y ,,,
8/30/2023,B ,A ,49,B ,DPR ,8,19,,,,dead ,,
8/30/2023,B ,A ,50,A ,SQ3 ,3,2,0.9,,Y ,no leaves. Heavy herb,,
8/30/2023,B ,A ,50,B ,LV1 ,6,3,,,,dead ,,
8/30/2023,B ,A ,51,A ,LV1 ,5,3,1.1,,Y ,no leaves. Heavy herb,,
8/30/2023,B ,A ,51,B ,CP2 ,7,9,1.2,,Y ,no leaves. Heavy herb,,
8/30/2023,B ,A ,52,A ,LV3 ,6,9,4.5,1.4,Y ,,,
8/30/2023,B ,A ,52,B ,WL1 ,7,6,2.4,1,Y ,,,
8/30/2023,B ,A ,53,A ,CC ,4,4,8.6,2,Y ,,,
8/30/2023,B ,A ,53,B ,BH ,7,4,5.1,3.4,Y ,,,
8/30/2023,B ,A ,54,A ,YO8 ,6,4,,,,dead ,,
8/30/2023,B ,A ,54,B ,FR ,7,4,,,,dead ,,
8/30/2023,B ,A ,55,A ,SQ2 ,6,24,,,,dead ,,
8/30/2023,B ,A ,55,B ,LV1 ,8,3,,,,dead ,,
8/30/2023,B ,A ,56,A ,SQ2 ,8,10,2.5,1.7,Y ,,,
8/30/2023,B ,A ,56,B ,TM2 ,2,12,21.4,1.3,N ,,,
8/30/2023,B ,A ,57,A ,YO11 ,7,10,,,,dead ,,
8/30/2023,B ,A ,57,B ,YO11 ,6,10,,,,dead ,,
8/30/2023,B ,A ,58,A ,YO8 ,1,13,2.4,0.5,Y ,heavy herb. ,,
8/30/2023,B ,A ,58,B ,LVTR1 ,6,2,,,,dead ,new location ,
8/30/2023,B ,A ,59,A ,WL2 ,5,10,3.5,2.4,Y ,,new location ,
8/30/2023,B ,A ,59,B ,WL1* ,buffer ,buffer ,,,,,,
8/30/2023,B ,A ,60,A ,WL1* ,buffer ,buffer ,,,,,,
8/30/2023,A ,A ,1,C ,SC ,5,15,,,,dead ,,
8/30/2023,A ,A ,1,D ,DPR ,6,2,,,,dead ,,
8/30/2023,A ,A ,2,C ,CP2 ,2,1,,,,dead ,,
8/30/2023,A ,A ,2,D ,WL2 ,1,9,,,,dead ,,
8/30/2023,A ,A ,3,C ,CP3 ,4,9,,,,dead ,,
8/30/2023,A ,A ,3,D ,LV1 ,5,2,,,,dead ,,
8/30/2023,A ,A ,4,C ,IH ,4,3,,,,dead ,,
8/30/2023,A ,A ,4,D ,SQ2 ,6,9,,,,dead ,,
8/30/2023,A ,A ,5,C ,LV3 ,5,12,,,,dead ,,
8/30/2023,A ,A ,5,D ,TM2 ,2,2,,,,dead ,,
8/30/2023,A ,A ,6,C ,YO8 ,6,3,,,,dead ,,
8/30/2023,A ,A ,6,D ,WL2 ,6,9,,,,dead ,,
8/30/2023,A ,A ,7,C ,WL2 ,5,9,,,,dead ,,
8/30/2023,A ,A ,7,D ,BH ,1,3,,,,dead ,,
8/30/2023,A ,A ,8,C ,LV1 ,4,2,,,,dand ,,
8/30/2023,A ,A ,8,D ,TM2 ,7,8,,,,dead ,,
8/30/2023,A ,A ,9,C ,CC ,4,3,,,,dead ,,
8/30/2023,A ,A ,9,D ,SQ3 ,6,6,,,,dead ,,
8/30/2023,A ,A ,10,C ,LVTR1 ,5,4,,,,dead ,,
8/30/2023,A ,A ,10,D ,CP3 ,1,8,,,,dead ,,
8/30/2023,A ,A ,11,C ,IH ,2,3,,,,dead ,,
8/30/2023,A ,A ,11,D ,WR ,2,7,,,,dead ,,
8/30/2023,A ,A ,12,C ,LV1 ,3,2,,,,dead ,,
8/30/2023,A ,A ,12,D ,YO7 ,2,2,,,,dead ,,
8/30/2023,A ,A ,13,C ,YO11 ,6,9,,,,dead ,,
8/30/2023,A ,A ,13,D ,SQ1 ,6,10,,,,dead ,,
8/30/2023,A ,A ,14,C ,IH ,7,3,,,,dead ,,
8/30/2023,A ,A ,14,D ,CC ,8,3,7.4,3.8,N ,,,
8/30/2023,A ,A ,15,C ,CC ,1,3,7.9,3,Y ,,,
8/30/2023,A ,A ,15,D ,WL2 ,2,9,,,,dead ,,
8/30/2023,A ,A ,16,C ,YO4 ,2,4,,,,dead ,,
8/30/2023,A ,A ,16,D ,SC ,2,3,,,,dead ,,
8/30/2023,A ,A ,17,C ,LV1 ,2,2,,,,dead ,,
8/30/2023,A ,A ,17,D ,BH ,2,3,6.6,4.5,Y ,,,
8/30/2023,A ,A ,18,C ,CP2 ,1,1,,,,dead ,,
8/30/2023,A ,A ,18,D ,YO7 ,4,2,,,,no plant ,dead not planted ,
8/30/2023,A ,A ,19,C ,CP3 ,3,9,1.6,2.1,Y ,,,
8/30/2023,A ,A ,19,D ,SQ3 ,2,13,,,,dead ,,
8/30/2023,A ,A ,20,C ,YO11 ,1,9,1.7,,Y ,heavily herb ,,
8/30/2023,A ,A ,20,D ,LV1 ,8,2,,,,dead ,,
8/30/2023,A ,A ,21,C ,SQ1 ,2,5,,,,dead ,,
8/30/2023,A ,A ,21,D ,IH ,3,3,6.8,2.8,Y ,,,
8/30/2023,A ,A ,22,C ,LVTR1 ,6,1,,,,dead ,,
8/30/2023,A ,A ,22,D ,SC ,8,3,3.9,3.9,Y ,,,
8/30/2023,A ,A ,23,C ,LV1 ,1,2,,,,dead ,,
8/30/2023,A ,A ,23,D ,TM2 ,3,3,20.3,2.1,N ,,,
8/30/2023,A ,A ,24,C ,SC ,5,3,,,,dead ,,
8/30/2023,A ,A ,24,D ,DPR ,8,12,,,,dead ,,
8/30/2023,A ,A ,25,C ,SC ,2,25,,,,dead ,,
8/30/2023,A ,A ,25,D ,CP3 ,7,10,,,,dead ,,
8/30/2023,A ,A ,26,C ,WL1 ,7,5,,,,dead ,,
8/30/2023,A ,A ,26,D ,YO7 ,6,12,,,,dead ,,
8/30/2023,A ,A ,27,C ,YO7 ,7,18,,,,dead ,,
8/30/2023,A ,A ,27,D ,YO4 ,5,1,4.5,1.6,Y ,,,
8/30/2023,A ,A ,28,C ,SC ,4,3,,,,dead ,,
8/30/2023,A ,A ,28,D ,TM2 ,5,4,,,,dead ,,
8/30/2023,A ,A ,29,C ,CP2 ,7,8,,,,dead ,,
8/30/2023,A ,A ,29,D ,YO8 ,5,3,,,,dead ,,
8/30/2023,A ,A ,30,C ,FR ,2,2,,,,dead ,,
8/30/2023,A ,A ,30,D ,NA ,NA ,NA ,,,,,no hole/not planted ,
8/30/2023,A ,A ,31,C ,YO7 ,6,17,,,,dead ,new location ,
8/30/2023,A ,A ,31,D ,IH ,1,3,,,,dead ,new location ,
8/30/2023,B ,A ,32,C ,SC ,5,4,,,,dead ,,
8/30/2023,B ,A ,32,D ,YO8 ,5,4,,,,dead ,,
8/30/2023,B ,A ,33,C ,SQ1 ,14,10,,,,dead ,,
8/30/2023,B ,A ,33,D ,CP3 ,2,4,1.7,2,Y ,,,
8/30/2023,B ,A ,34,C ,DPR ,1,14,,,,dead ,,
8/30/2023,B ,A ,34,D ,SQ2 ,6,10,,,,dead ,,
8/30/2023,B ,A ,35,C ,CP2 ,4,2,,,,dead ,,
8/30/2023,B ,A ,35,D ,CP3 ,7,13,,,,dead ,,
8/30/2023,B ,A ,36,C ,SC ,2,4,5.5,3.2,Y ,,,
8/30/2023,B ,A ,36,D ,LV1 ,3,3,,,,dead ,,
8/30/2023,B ,A ,37,C ,WL1 ,9,3,,,,dead ,,
8/30/2023,B ,A ,37,D ,BH ,1,4,2.2,3.4,Y ,,,
8/30/2023,B ,A ,38,C ,CP3 ,6,10,,,,dead ,,
8/30/2023,B ,A ,38,D ,LVTR1 ,5,6,,,,dead ,,
8/30/2023,B ,A ,39,C ,WL2 ,1,10,,,,dead ,,
8/30/2023,B ,A ,39,D ,LV1 ,4,3,,,,dead ,,
8/30/2023,B ,A ,40,C ,YO7 ,6,13,,,,dead ,,
8/30/2023,B ,A ,40,D ,WL2 ,2,10,3.4,1.8,Y ,,,
8/30/2023,B ,A ,41,C ,TM2 ,7,9,,,,dead ,,
8/30/2023,B ,A ,41,D ,LV3 ,5,13,,,,dead ,,
8/30/2023,B ,A ,42,C ,NA ,NA ,NA ,,,,,no hole/not planted ,
8/30/2023,B ,A ,42,D ,NA ,NA ,NA ,,,,,no hole/not planted ,
8/30/2023,B ,A ,43,C ,CP2 ,2,2,,,,dead ,,
8/30/2023,B ,A ,43,D ,FR ,5,10,1.9,1.7,Y ,,,
8/30/2023,B ,A ,44,C ,TM2 ,6,3,38.2,1.8,Y ,,,
8/30/2023,B ,A ,44,D ,BH ,6,4,6.9,5.1,Y ,,,
8/30/2023,B ,A ,45,C ,YO4 ,2,5,,,,dead ,,
8/30/2023,B ,A ,45,D ,SC ,4,4,5.2,4.2,Y ,,no hole/not planted ,
8/30/2023,B ,A ,46,C ,CP3 ,1,9,,,,dead ,,
8/30/2023,B ,A ,46,D ,SQ1 ,5,10,3,2.8,Y ,,,
8/30/2023,B ,A ,47,C ,LVTR1 ,8,24,1.6,NA ,Y ,heavily herb ,,
8/30/2023,B ,A ,47,D ,CC ,1,4,,,,dead ,,
8/30/2023,B ,A ,48,C ,CP2 ,3,14,1.5,3.2,Y ,,,
8/30/2023,B ,A ,48,D ,CC ,8,4,10.3,4.4,Y ,,,
8/30/2023,B ,A ,49,C ,CC ,9,4,9.1,4,Y ,,,
8/30/2023,B ,A ,49,D ,CP2 ,1,2,3.1,NA ,Y ,heavily herb. ,,
8/30/2023,B ,A ,50,C ,SQ2 ,4,13,,,,dead ,,
8/30/2023,B ,A ,50,D ,IH ,6,4,4.3,4.3,Y ,,,
8/30/2023,B ,A ,51,C ,SQ2 ,1,8,,,,dead ,,
8/30/2023,B ,A ,51,D ,SC ,6,4,,,,dead ,,
8/30/2023,B ,A ,52,C ,YO11 ,8,10,3.2,0.3,Y ,,,
8/30/2023,B ,A ,52,D ,YO8 ,4,5,2.8,NA ,Y ,heavily herb ,,
8/30/2023,B ,A ,53,C ,YO4 ,6,11,4.2,1,Y ,heavily herb. ,,
8/30/2023,B ,A ,53,D ,WR ,2,23,,,,dead ,,
8/30/2023,B ,A ,54,C ,LV1 ,1,3,,,,dead ,,
8/30/2023,B ,A ,54,D ,YO11 ,5,10,,,,dead ,,
8/30/2023,B ,A ,55,C ,YO7 ,5,12,,,,dead ,,
8/30/2023,B ,A ,55,D ,YO4 ,3,7,,,,dead ,,
8/30/2023,B ,A ,56,C ,IH ,1,4,10.2,5.1,N ,,,
8/30/2023,B,A ,56,D ,CC ,3,4,10.4,3.9,Y ,,,
8/30/2023,B,A ,57,C ,CC ,5,4,8.1,3.8,N ,,,
8/30/2023,B ,A ,57,D ,YO11 ,4,13,1.7,1.8,N ,,,
8/30/2023,B,A ,58,C ,LVTR1 ,8,5,,,,dead ,,
8/30/2023,B ,A ,58,D ,YO7 ,7,13,1.5,1.2,N ,,new location ,
8/30/2023,B ,A ,59,C ,WL1* ,buffer ,buffer ,,,,,,
8/30/2023,B,A ,59,D ,WL1* ,buffer ,buffer ,,,,,,
8/30/2023,B ,A ,60,C ,NA ,NA ,NA ,,,,,no hole/not planted ,
8/30/2023,D ,B ,1,A ,NA ,NA ,NA ,,,,,no hole/not planted ,
8/30/2023,D ,B ,1,B ,NA ,NA ,NA ,,,,,no hole/not planted ,
8/30/2023,D ,B ,2,A ,NA ,NA ,NA ,,,,,no hole/not planted ,
8/30/2023,D ,B ,2,B ,NA ,NA ,NA ,,,,,no hole/not planted ,
8/30/2023,D ,B ,3,A ,NA ,NA ,NA ,,,,,no hole/not planted ,
8/30/2023,D ,B ,3,B ,NA ,NA ,NA ,,,,,no hole/not planted ,
8/30/2023,D ,B ,4,A ,CP3 ,6,12,,,,dead ,,
8/30/2023,D ,B ,4,B ,BH ,5,6,,,,dead ,,
8/30/2023,D ,B ,5,A ,DPR ,6,5,,,,dead ,,
8/30/2023,D ,B ,5,B ,SC ,2,6,,,,dead ,,
8/30/2023,D ,B ,6,A ,SQ2 ,8,12,,,,dead ,,
8/30/2023,D ,B ,6,B ,WL2 ,6,12,,,,dend ,,
8/30/2023,D ,B ,7,A ,LV3 ,5,2,,,,dead ,,
8/30/2023,D ,B ,7,B ,FR ,6,11,,,,dead ,,
8/30/2023,D ,B ,8,A ,YO7 ,7,2,,,,dead ,,
8/30/2023,D ,B ,8,B ,TM2 ,2,8,,,,dead ,,
8/30/2023,D ,B ,9,A ,SC ,4,6,,,,dead ,,
8/30/2023,D ,B ,9,B ,YO8 ,2,2,,,,dead ,,
8/30/2023,D ,B ,10,A ,CP2 ,4,4,,,,dead ,,
8/30/2023,D ,B ,10,B ,YO8 ,8,6,,,,dead ,,
8/30/2023,D ,B ,11,A ,SC ,8,14,,,,dead ,,
8/30/2023,D ,B ,11,B ,TM2 ,1,5,,,,dead ,,
8/30/2023,D ,B ,12,A ,SC ,2,17,,,,dead ,,
8/30/2023,D ,B ,12,B ,YO11 ,8,12,,,,dead ,,
8/30/2023,D ,B ,13,A ,YO11 ,7,12,,,,dead ,,
8/30/2023,D ,B ,13,B ,SQ1 ,6,8,,,,dead ,,
8/30/2023,D ,B ,14,A ,WL2 ,5,12,,,,dead ,,
8/30/2023,D ,B ,14,B ,YO11 ,6,12,,,,dead ,,
8/30/2023,D ,B ,15,A ,YO7 ,7,20,,,,dead/ tag faded, ,
8/30/2023,D ,B ,15,B ,YO11 ,1,12,,,,dead ,,
8/30/2023,D ,B ,16,A ,DPR ,3,11,,,,dead ,,
8/30/2023,D ,B ,16,B ,LV1 ,8,5,,,,dead ,,
8/30/2023,D ,B ,17,A ,IH ,3,6,4.3,4.1,Y ,,,
8/30/2023,D ,B ,17,B ,YO7 ,4,9,,,,dead ,,
8/30/2023,D ,B ,18,A ,LVTR1 ,2,4,,,,dead ,,
8/30/2023,D ,B ,18,B ,LV1 ,2,5,,,,dead ,,
8/30/2023,D ,B ,19,A ,LVTR1 ,6,4,,,,dead ,,
8/30/2023,D ,B ,19,B ,FR ,7,6,,,,dead ,,
8/30/2023,D ,B ,20,A ,WL2 ,7,12,,,,dead ,,
8/30/2023,D ,B ,20,B ,WL2 ,8,12,,,,dend ,,
8/30/2023,D ,B ,21,A ,WL2 ,1,12,,,,dend ,,
8/30/2023,D ,B ,21,B ,LV1 ,5,5,,,,dead ,,
8/30/2023,C ,B ,22,A ,IH ,3,5,8.8,3.5,Y ,,new location ,
8/30/2023,C ,B ,22,B ,IH ,4,5,,,,dead ,new location ,
8/30/2023,C ,B ,23,A ,CC ,9,5,,,,dead ,,
8/30/2023,C ,B ,23,B ,YO11 ,3,5,,,,dead ,,
8/30/2023,C ,B ,24,A ,CP3 ,4,14,,,,dead ,,
8/30/2023,C ,B ,24,B ,WL1 ,4,1,2.6,1.3,Y ,,,
8/30/2023,C ,B ,25,A ,IH ,6,5,9.3,3.8,Y ,,,
8/30/2023,C ,B ,25,B ,CP3 ,5,11,,,,dead ,,
8/30/2023,C ,B ,26,A ,YO8 ,8,5,,,,dead ,,
8/30/2023,C ,B ,26,B ,TM2 ,5,9,,,,dead ,,
8/30/2023,C ,B ,27,A ,SQ3 ,1,9,,,,dead ,,
8/30/2023,C ,B ,27,B ,SQ2 ,8,11,,,,dead ,,
8/30/2023,C ,B ,28,A ,CC ,5,5,,,,dead ,,
8/30/2023,C ,B ,28,B ,TM2 ,2,1,,,,dead ,,
8/30/2023,C ,B ,29,A ,CP2 ,7,10,,,,dead ,,
8/30/2023,C ,B ,29,B ,WL2 ,6,11,1.8,0.6,N ,,,
8/30/2023,C ,B ,30,A ,DPR ,1,10,,,,dead ,,
8/30/2023,C ,B ,30,B ,SC ,2,5,,,,dead ,,
8/30/2023,C ,B ,31,A ,FR ,2,9,,,,dead ,,
8/30/2023,C ,B ,31,B ,SC ,8,5,,,,dead ,,
8/30/2023,C ,B ,32,A ,IH ,4,5,,,,no plant or tag ,,
8/30/2023,C ,B ,32,B ,SQ3 ,6,5,2.7,1.5,Y ,heavy herb. ,,
8/30/2023,C ,B ,33,A ,WL2 ,5,11,4.9,1.8,Y ,heavy herb, ,
8/30/2023,C ,B ,33,B ,BH ,6,5,,,,dead ,,
8/30/2023,C ,B ,34,A ,CP2 ,5,3,2.9,,Y ,heavy herb/ no leaves ,,
8/30/2023,C ,B ,34,B ,YO11 ,7,11,,,,dead ,,
8/30/2023,C ,B ,35,A ,NA ,NA ,NA ,,,,,,
8/30/2023,C ,B ,35,B ,WL1 ,7,7,0.9,0.1,Y ,,no hole/not planted ,
8/30/2023,C ,B ,36,A ,TM2 ,3,9,,,,dead ,,
8/30/2023,C ,B ,36,B ,CP2 ,3,3,4.1,,Y ,heavy herb/ no leaves ,,
8/30/2023,C ,B ,37,A ,TM2 ,1,16,28.9,2,N ,,,
8/30/2023,C ,B ,37,B ,YO8 ,6,14,1,,Y ,heavy herb/ no leaves , ,
8/30/2023,C ,B ,38,A ,FR ,4,4,,,,dead ,,
8/30/2023,C ,B ,38,B ,SQ1 ,14,2,1.8,2.4,Y ,,,
8/30/2023,C ,B ,39,A ,CC ,8,5,,,,dead ,,
8/30/2023,C ,B ,39,B ,CP3 ,6,11,,,,dead ,,
8/30/2023,C ,B ,40,A ,WL2 ,2,11,4.1,1.2,N ,,,
8/30/2023,C ,B ,40,B ,LV1 ,8,4,,,,dead ,,
8/30/2023,C ,B ,41,A ,SC ,4,5,4.1,3.6,Y ,,,
8/30/2023,C ,B ,41,B ,CP3 ,2,12,2.1,1.5,Y ,,,
8/30/2023,C ,B ,42,A ,BH ,2,5,8.8,4.6,Y ,,,
8/30/2023,C ,B ,42,B ,LV3 ,5,1,,,,dead ,,
8/30/2023,C ,B ,43,A ,BH ,5,5,5.9,4.9,Y ,,,
8/30/2023,C ,B ,43,B ,LVTR1 ,2,3,2.4,,Y ,heavy herb/ no leaves ,,
8/30/2023,C ,B ,44,A ,WL2 ,7,11,4.3,1.2,Y ,,,
8/30/2023,C ,B ,44,B ,LV1 ,2,4,,,,dead ,,
8/30/2023,C ,B ,45,A ,YO8 ,6,5,,,,dead ,,
8/30/2023,C ,B ,45,B ,YO11 ,8,17,,,,dead ,,
8/30/2023,C ,B ,46,A ,WL1 ,4,10,1.9,1.2,Y ,,,
8/30/2023,C ,B ,46,B ,DPR ,7,6,5.9,3.1,Y ,,,
8/30/2023,C ,B ,47,A ,SC ,2,16,3,3.1,Y ,,,
8/30/2023,C ,B ,47,B ,LV1 ,5,4,,,,dead ,,
8/30/2023,C ,B ,48,A ,YO4 ,2,15,,,,dead ,,
8/30/2023,C ,B ,48,B ,LV1 ,6,4,,,,dead ,,
8/30/2023,C ,B ,49,A ,FR ,7,5,1.9,1.3,Y ,heavy herb. ,,
8/30/2023,C ,B ,49,B ,WR ,1,2,,,,dead ,,
8/30/2023,C ,B ,50,A ,SC ,5,5,8.6,3.7,Y ,,,
8/30/2023,C ,B ,50,B ,CC ,1,5,7.9,3,Y ,,,
8/30/2023,C ,B ,51,A ,YO11 ,8,11,,,,dead ,,
8/30/2023,C ,B ,51,B ,CC ,2,5,,,,dead ,,
8/30/2023,C ,B ,52,A ,DPR ,8,1,8.5,1.9,Y ,,,
8/30/2023,C ,B ,52,B ,YO11 ,1,11,,,,dead ,,
8/30/2023,C ,B ,53,A ,WL1* ,buffer ,buffer ,,,,,,
8/30/2023,C ,B ,53,B ,WL1* ,buffer ,buffer ,,,,,,
8/30/2023,C ,B ,54,A ,NA ,NA ,NA ,,,,,no hole/not planted ,
8/30/2023,C ,B ,54,B ,NA ,NA ,NA ,,,,,no hole/not planted ,
8/30/2023,B ,B ,55,A ,WL1* ,buffer ,buffer ,,,,,,
8/30/2023,B ,B ,55,B ,NA ,NA ,NA ,,,,,no hole/not planted ,
8/30/2023,B ,B ,56,A ,SC ,6,15,5.1,4,N ,,,
8/30/2023,B ,B ,56,B ,WL1* ,buffer ,buffer ,,,,,,
8/30/2023,B ,B ,57,A ,IH ,4,4,10.6,4.4,N ,,,
8/30/2023,B ,B ,57,B ,DPR ,8,13,,,,dead ,,
8/30/2023,B ,B ,58,A ,YO8 ,8,4,,,,dead ,,
8/30/2023,B ,B ,58,B ,DPR ,6,3,,,,dead ,,
8/30/2023,B ,B ,59,A ,YO8 ,3,13,2.4,1.7,N ,dried out ,,
8/30/2023,B ,B ,59,B ,DPR ,3,9,,,,dead ,,
8/30/2023,B ,B ,60,A ,WL1* ,buffer ,buffer ,,,,,,
8/30/2023,B ,B ,60,B ,WL1* ,buffer ,buffer ,,,,,,
8/30/2023,D ,B ,1,C ,NA ,NA ,NA ,,,,,no hole/not planted ,
8/30/2023,D ,B ,1,D ,NA ,NA ,NA ,,,,,no hole/not planted ,
8/30/2023,D ,B ,2,C ,NA ,NA ,NA ,,,,,no hole/not planted ,
8/30/2023,D ,B ,2,D ,NA ,NA ,NA ,,,,,no hole/not planted ,
8/30/2023,D ,B ,3,C ,NA ,NA ,NA ,,,,,no hole/not planted ,
8/30/2023,D ,B ,3,D ,NA ,NA ,NA ,,,,,no hole/not planted ,
8/30/2023,D ,B ,4,C ,TM2 ,7,16,,,,dead ,,
8/30/2023,D ,B ,4,D ,SQ3 ,3,6,,,,dead ,,
8/30/2023,D ,B ,5,C ,BH ,2,6,,,,dead ,,
8/30/2023,D ,B ,5,D ,LV3 ,2,3,,,,dead ,,
8/30/2023,D ,B ,6,C ,BH ,1,6,,,,dead ,,
8/30/2023,D ,B ,6,D ,WL1 ,2,3,,,,dead ,,
8/30/2023,D ,B ,7,C ,CP2 ,2,4,,,,dead ,,
8/30/2023,D ,B ,7,D ,BH ,4,6,,,,dead ,,
8/30/2023,D ,B ,8,C ,YO8 ,1,2,,,,dead ,,
8/30/2023,D ,B ,8,D ,DPR ,8,2,,,,dead ,,
8/30/2023,D ,B ,9,C ,FR ,4,5,,,,dead ,,
8/30/2023,D ,B ,9,D ,IH ,5,6,,,,dead ,,
8/30/2023,D ,B ,10,C ,CP2 ,3,4,,,,dead ,,
8/30/2023,D ,B ,10,D ,FR ,1,2,,,,dead ,,
8/30/2023,D ,B ,11,C ,SQ1 ,3,1,,,,dead ,,
8/30/2023,D ,B ,11,D ,YO8 ,2,14,,,,dead ,,
8/30/2023,D ,B ,12,C ,WL2 ,3,12,2.3,1.4,N ,,,
8/30/2023,D ,B ,12,D ,TM2 ,5,1,,,,dead ,,
8/30/2023,D ,B ,13,C ,LV1 ,4,5,,,,dead ,,
8/30/2023,D ,B ,13,D ,LVTR1 ,5,8,,,,dead ,,
8/30/2023,D ,B ,14,C ,SQ2 ,4,10,,,,dead ,,
8/30/2023,D ,B ,14,D ,CP3 ,2,10,,,,dead ,,
8/30/2023,D ,B ,15,C ,LV1 ,6,5,,,,dead ,,
8/30/2023,D ,B ,15,D ,SQ2 ,6,12,,,,dead ,,
8/30/2023,D ,B ,16,C ,CP2 ,1,14,,,,dead ,,
8/30/2023,D ,B ,16,D ,YO8 ,5,6,,,,dead ,,
8/30/2023,D ,B ,17,C ,SQ3 ,5,1,,,,dead ,,
8/30/2023,D ,B ,17,D ,YO7 ,1,1,,,,dead ,,
8/30/2023,D ,B ,18,C ,CC ,5,6,,,,dead ,,
8/30/2023,D ,B ,18,D ,CP3 ,4,12,0.8,4.2,Y ,,,
8/30/2023,D ,B ,19,C ,YO4 ,2,7,,,,dead ,,
8/30/2023,D ,B ,19,D ,CC ,2,6,7.7,3.6,N ,,,
8/30/2023,D ,B ,20,C ,IH ,7,6,6.2,4,Y ,,,
8/30/2023,D ,B ,20,D ,BH ,6,6,4.3,4.3,N,,,
8/30/2023,D ,B ,21,C ,CC ,8,6,,,,dead ,,
8/30/2023,D ,B ,21,D ,CP2 ,1,4,2.2,2.5,Y ,,,
8/30/2023,C ,B ,22,C ,WL1* ,buffer ,buffer ,,,,,,
8/30/2023,C ,B ,22,D ,WL1* ,buffer ,buffer ,,,,,,
8/30/2023,C ,B ,23,C ,CP2 ,4,3,,,,dead ,,
8/30/2023,C ,B ,23,D ,WL1* ,buffer ,buffer ,,,,,,
8/30/2023,C ,B ,24,C ,YO8 ,2,1,,,,dead ,,
8/30/2023,C ,B ,24,D ,LV1 ,1,4,,,,dead ,,
8/30/2023,C ,B ,25,C ,LVTR1 ,8,2,,,,dead ,,
8/30/2023,C ,B ,25,D ,LVTR1 ,7,16,,,,dead ,,
8/30/2023,C ,B ,26,C ,IH ,5,5,8.2,4.9,Y ,,,
8/30/2023,C ,B ,26,D ,DPR ,3,10,,,,dead ,,
8/30/2023,C ,B ,27,C ,DPR ,4,10,,,,dead ,,
8/30/2023,C ,B ,27,D ,DPR ,6,16,,,,dead ,,
8/30/2023,C ,B ,28,C ,BH ,4,5,6.6,4.8,Y ,,,
8/30/2023,C ,B ,28,D ,SQ1 ,2,2,,,,dead ,,
8/30/2023,C ,B ,29,C ,WL2 ,8,11,,,,dead ,,
8/30/2023,C ,B ,29,D ,LV3 ,7,5,,,,dead ,,
8/30/2023,C ,B ,30,C ,CC ,4,5,,,,dead ,,
8/30/2023,C ,B ,30,D ,SQ2 ,1,4,,,,dead ,,
8/30/2023,C ,B ,31,C ,CP2 ,6,11,,,,dead ,,
8/30/2023,C ,B ,31,D ,CP3 ,4,11,2.5,3,Y ,,,
8/30/2023,C ,B ,32,C ,SQ2 ,6,19,,,,dead ,,
8/30/2023,C ,B ,32,D ,YO11 ,5,11,2.9,2.9,Y ,,,
8/30/2023,C ,B ,33,C ,YO7 ,6,1,,,,dead ,,
8/30/2023,C ,B ,33,D ,YO4 ,1,1,5,2,Y ,heavily herb. ,,
8/30/2023,C ,B ,34,C ,YO8 ,5,5,,,,dead ,,
8/30/2023,C ,B ,34,D ,SC ,5,16,,,,dead ,,
8/30/2023,C ,B ,35,C ,CP2 ,1,3,,,,dead ,,
8/30/2023,C ,B ,35,D ,DPR ,6,4,,,,dead ,,
8/30/2023,C ,B ,36,C ,YO8 ,1,1,,,,dead ,,
8/30/2023,C ,B ,36,D ,TM2 ,1,4,22.6,2.1,N ,,,
8/30/2023,C ,B ,37,C ,LVTR1 ,4,1,,,,dead ,,
8/30/2023,C ,B ,37,D ,WL2 ,3,11,,,,dead ,,
8/30/2023,C ,B ,38,C ,LVTR1 ,7,3,,,,dead ,,
8/30/2023,C ,B ,38,D ,LVTR1 ,8,6,,,,dead ,,
8/30/2023,C ,B ,39,C ,CP2 ,2,3,,,,dead ,,
8/30/2023,C ,B ,39,D ,YO4 ,2,6,,,,dead ,,
8/30/2023,C ,B ,40,C ,CC ,3,5,,,,dead ,,
8/30/2023,C ,B ,40,D ,BH ,3,5,,,,dead ,,
8/30/2023,C ,B ,41,C ,YO7 ,7,1,2.1,2,Y ,,,
8/30/2023,C ,B ,41,D ,IH ,2,5,,,,dead ,,
8/30/2023,C ,B ,42,C ,LV1 ,3,4,,,,dead ,,
8/30/2023,C ,B ,42,D ,YO8 ,3,1,4.3,NA ,Y ,heavily herb ,,
8/30/2023,C ,B ,43,C ,YO11 ,6,11,1.4,NA ,Y ,heavily herb ,,
8/30/2023,C ,B ,43,D ,TM2 ,7,10,36.8,2.7,Y ,,,
8/30/2023,C ,B ,44,C ,SQ3 ,4,11,,,,dead ,,
8/30/2023,C ,B ,44,D ,IH ,7,5,,,,dead ,,
8/30/2023,C ,B ,45,C ,WL2 ,1,11,5.1,2.4,Y ,,,
8/30/2023,C ,B ,45,D ,CP3 ,1,10,,,,dead ,,
8/30/2023,C ,B ,46,C ,SC ,6,5,8.3,4.9,Y ,,,
8/30/2023,C ,B ,46,D ,BH ,1,5,,,,dead ,,
8/30/2023,C ,B ,47,C ,YO7 ,4,6,3.3,2,Y ,,,
8/30/2023,C ,B ,47,D ,BH ,7,5,7.6,5,Y,,,
8/30/2023,C ,B ,48,C ,LVTR1 ,5,13,,,,dead ,,
8/30/2023,C ,B ,48,D ,IH ,1,5,8.6,5.2,Y ,,,
8/30/2023,C ,B ,49,C ,YO7 ,5,17,1.6,2,Y ,,,
8/30/2023,C ,B ,49,D ,YO7 ,7,19,,,,dead ,,
8/30/2023,C ,B ,50,C ,SQ2 ,6,11,,,,dead ,,
8/30/2023,C ,B ,50,D ,YO7 ,1,8,,,,dead ,,
8/30/2023,C ,B ,51,C ,CP3 ,3,11,,,,dead ,,
8/30/2023,C ,B ,51,D ,LV1 ,4,4,,,,dead ,,
8/30/2023,C ,B ,52,C ,YO4 ,4,9,,,,dead ,,
8/30/2023,C ,B ,52,D ,SQ2 ,13,13,,,,dead ,,
8/30/2023,C ,B ,53,C ,WL1* ,buffer ,buffer ,,,,,,
8/30/2023,C ,B ,53,D ,WL1* ,buffer ,buffer ,,,,,,
8/30/2023,C ,B ,54,C ,NA ,NA ,NA ,,,,,no hole/not planted ,
8/30/2023,C ,B ,54,D ,NA ,NA ,NA ,,,,,no hole/not planted ,
8/30/2023,B ,B ,55,C ,WL1* ,buffer ,buffer ,,,,,,
8/30/2023,B ,B ,55,D ,WL1* ,buffer ,buffer ,,,,,,
8/30/2023,B ,B ,56,C ,TM2 ,1,3,16,3.1,Y ,,,
8/30/2023,B ,B ,56,D ,SQ1 ,2,1,2.7,2.1,Y ,,,
8/30/2023,B ,B ,57,C ,LVTR1 ,8,19,,,,dead ,,
8/30/2023,B ,B ,57,D ,BH ,2,4,6.1,4.9,N ,,,
8/30/2023,B ,B ,58,C ,YO7 ,3,4,,,,dead ,,
8/30/2023,B ,B ,58,D ,WL2 ,6,10,,,,dead ,,
8/30/2023,B ,B ,59,C ,IH ,5,4,,,,dead ,,
8/30/2023,B ,B ,59,D ,SC ,2,21,,,,dead ,,
8/30/2023,B ,B ,60,C ,WL1* ,buffer ,buffer ,,,,,,
8/30/2023,B ,B ,60,D ,BH* ,buffer ,buffer ,,,,,dead 7/19 ,
8/30/2023,D ,C ,1,A ,NA ,NA ,NA ,,,,,,
8/30/2023,D ,C ,1,B ,BH* ,buffer ,buffer ,,,,,no hole/not planted ,
8/30/2023,D ,C ,2,A ,BH* ,buffer ,buffer ,,,,,,
8/30/2023,D ,C ,2,B ,CP3 ,5,12,,,,dead ,,
8/30/2023,D ,C ,3,A ,SQ3 ,6,7,,,,dead ,new location ,
8/30/2023,D ,C ,3,B ,DPR ,6,14,,,,dead ,,
8/30/2023,D ,C ,4,A ,YO7 ,6,2,,,,dead ,,
8/30/2023,D ,C ,4,B ,IH ,2,6,,,,dead ,,
8/30/2023,D ,C ,5,A ,TM2 ,5,3,,,,dead ,,
8/30/2023,D ,C ,5,B ,LV1 ,3,5,,,,dead ,,
8/30/2023,D ,C ,6,A ,CC ,1,6,3.9,3.3,Y ,,,
8/30/2023,D ,C ,6,B ,YO4 ,1,3,,,,dead ,,
8/30/2023,D ,C ,7,A ,LVTR1 ,8,7,,,,dead ,,
8/30/2023,D ,C ,7,B ,LV1 ,1,5,,,,dead ,,
8/30/2023,D ,C ,8,A ,IH ,4,6,,,,dead ,,
8/30/2023,D ,C ,8,B ,LVTR1 ,3,1,,,,dead ,,
8/30/2023,D ,C ,9,A ,NA ,NA ,NA ,,,,,no hole/not planted ,
8/30/2023,D ,C ,9,B ,WL2 ,2,12,,,,dead ,,
8/30/2023,D ,C ,10,A ,WR ,2,10,,,,dead ,,
8/30/2023,D ,C ,10,B ,IH ,1,6,,,,lead ,,
8/30/2023,D ,C ,11,A ,LVTR1 ,8,14,,,,dead ,,
8/30/2023,D ,C ,11,B ,CC ,4,6,,,,dead ,,
8/30/2023,D ,C ,12,A ,CP3 ,1,11,,,,dead ,,
8/30/2023,D ,C ,12,B ,CP3 ,3,12,,,,dead ,,
8/30/2023,D ,C ,13,A ,YO7 ,5,1,,,,dead ,,
8/30/2023,D ,C ,13,B ,SC ,8,6,4.1,2,Y ,,,
8/30/2023,D ,C ,14,A ,TM2 ,7,11,,,,dead ,,
8/30/2023,D ,C ,14,B ,SQ2 ,6,16,,,,dead ,,
8/30/2023,D ,C ,15,A ,IH ,6,6,,,,dead ,,
8/30/2023,D ,C ,15,B ,NA ,NA ,NA ,,,,,no hole/not planted ,
8/30/2023,D ,C ,16,A ,YO7 ,4,4,,,,dead ,new location ,
8/30/2023,D ,C ,16,B ,CP2 ,2,5,,,,dead ,new location ,
8/30/2023,E ,C ,17,A ,WL1* ,buffer ,buffer ,,,,,,
8/30/2023,E ,C ,17,B ,NA ,NA ,NA ,,,,,no hole/not planted ,
8/30/2023,E ,C ,18,A ,WL1* ,buffer ,buffer ,,,,,,
8/30/2023,E ,C ,18,B ,WL1* ,buffer ,buffer ,,,,,,
8/30/2023,E ,C ,19,A ,IH ,7,7,8.1,4,Y ,,,
8/30/2023,E ,C ,19,B ,LV3 ,5,3,,,,dead ,,
8/30/2023,E ,C ,20,A ,CP3 ,5,13,,,,dead ,,
8/30/2023,E ,C ,20,B ,YO11 ,5,13,,,,dead ,,
8/30/2023,E ,C ,21,A ,YO8 ,3,3,,,,dead ,,
8/30/2023,E ,C ,21,B ,CP2 ,1,5,2.9,1.4,N/A ,all leaves covered in powdery mildew/ wilted,,
8/30/2023,E ,C ,22,A ,CP3 ,3,13,,,,dead ,,
8/30/2023,E ,C ,22,B ,BH ,6,7,7,5.1,Y,,,
8/30/2023,E ,C ,23,A ,BH ,3,7,4.8,3.7,Y ,,,
8/30/2023,E ,C ,23,B ,YO8 ,1,3,,,,dead ,,
8/30/2023,E ,C ,24,A ,TM2 ,7,14,,,,dead ,,
8/30/2023,E ,C ,24,B ,WL2 ,1,13,3.5,2.2,Y ,,,
8/30/2023,E ,C ,25,A ,CP3 ,1,15,,,,dead ,,
8/30/2023,E ,C ,25,B ,CC ,4,7,6.2,2.2,Y ,,,
8/30/2023,E ,C ,26,A ,BH ,5,7,5.5,3.3,Y ,,,
8/30/2023,E ,C ,26,B ,CP3 ,2,6,,,,dead ,,
8/30/2023,E ,C ,27,A ,LVTR1 ,2,5,,,,dead ,,
8/30/2023,E ,C ,27,B ,BH ,2,7,,,,dead ,,
8/30/2023,E ,C ,28,A ,YO7 ,7,14,2.3,1.9,Y,tag fading ,,
8/30/2023,E ,C ,28,B ,IH ,1,7,9,4.6,Y ,,,
8/30/2023,E ,C ,29,A ,DPR ,6,21,9.2,3.9,Y ,,,
8/30/2023,E ,C ,29,B ,LVTR1 ,7,5,2.3,1,Y ,,,
8/30/2023,E ,C ,30,A ,WL2 ,2,13,3,0.3,Y ,powdery mildew ,,
8/30/2023,E ,C ,30,B ,LV1 ,6,6,1.8,N/A ,Y ,no leaves/Stem broken ,,
8/30/2023,E ,C ,31,A ,CP3 ,1,12,1.2,N/A ,Y ,no leaves/Stem broken ,,
8/30/2023,E ,C ,31,B ,WL1 ,3,4,3,0.4,Y ,Stem broken ,,
8/30/2023,E ,C ,32,A ,LVTR1 ,5,2,,,,dead ,,
8/30/2023,E ,C ,32,B ,SC ,2,7,,,,dead ,,
8/30/2023,E ,C ,33,A ,NA ,NA ,NA ,,,,,no hole/not planted ,
8/30/2023,E ,C ,33,B ,LV1 ,4,6,2.4,N/A ,Y ,no leaves/ stem broken ,,
8/30/2023,E ,C ,34,A ,SQ2 ,4,9,2.3,N/A ,Y ,powdery mildew ,,
8/30/2023,E ,C ,34,B ,YO8 ,6,7,4.3,1.6,Y,powdery mildew ,,
8/30/2023,E ,C ,35,A ,LVTR1 ,6,15,,,,dead ,,
8/30/2023,E ,C ,35,B ,SC ,5,7,3.3,4.1,Y ,,,
8/30/2023,E ,C ,36,A ,SQ1 ,14,7,1.9,N/A ,Y,stem broken/ no leaves ,,
8/30/2023,E ,C ,36,B ,SC ,2,19,3.6,3.5,Y ,,,
8/30/2023,E ,C ,37,A ,FR ,5,2,,,,dead ,,
8/30/2023,E ,C ,37,B ,YO4 ,3,9,3.1,1.7,Y ,powdery mildew ,,
8/30/2023,E ,C ,38,A ,IH ,3,7,6.5,4.1,Y,,,
8/30/2023,E ,C ,38,B ,SQ2 ,6,13,3.4,3.2,Y,powdery mildew ,,
8/30/2023,E ,C ,39,A ,CP3 ,4,13,,,,dead ,,
8/30/2023,E ,C ,39,B ,SQ2 ,8,13,,,,dead ,,
8/30/2023,E ,C ,40,A ,CC ,5,7,7.9,3,Y,,,
8/30/2023,E ,C ,40,B ,BH ,1,7,3.1,2.6,Y ,,,
8/30/2023,E ,C ,41,A ,CP2 ,7,12,,,,dead ,,
8/30/2023,E ,C ,41,B ,DPR ,1,12,,,,dead ,,
8/30/2023,E ,C ,42,A ,SQ2 ,6,17,1.5,N/A ,Y,no leaves/ stem broken ,,
8/30/2023,E ,C ,42,B ,SQ3 ,2,3,,,,dead ,,
8/30/2023,E ,C ,43,A ,WL2 ,3,13,2.5,2.2,y ,powdery Mildew ,,
8/30/2023,E ,C ,43,B ,YO11 ,4,12,,,,dead ,,
8/30/2023,E ,C ,44,A ,WL2 ,5,13,,,,dead ,,
8/30/2023,E ,C ,44,B ,DPR ,3,12,,,,dead ,,
8/30/2023,E ,C ,45,A ,BH ,7,7,7.4,4.9,Y ,,,
8/30/2023,E ,C ,45,B ,CC ,9,7,,,,dead ,,
8/30/2023,E ,C ,46,A ,LV1 ,1,6,,,,dead ,,
8/30/2023,E ,C ,46,B ,CP2 ,5,5,5.4,3.8,Y ,,,
8/30/2023,E ,C ,47,A ,YO7 ,6,3,3.3,1.9,Y ,,,
8/30/2023,E ,C ,47,B ,IH ,2,7,8.2,4.6,Y ,,,
8/30/2023,E ,C ,48,A ,CP2 ,4,5,3.2,2,Y,powdery mildew ,,
8/30/2023,E ,C ,48,B ,YO8 ,2,3,,,,dead ,,
8/30/2023,E ,C ,49,A ,YO4 ,5,6,,,,dead ,,
8/30/2023,E ,C ,49,B ,WL1* ,buffer ,buffer ,,,,,,
8/30/2023,F ,C ,50,A ,LVTR1 ,8,9,3,N/A ,Y ,no leaves/ stem broken ,,
8/30/2023,F ,C ,50,B ,YO11 ,8,1,7.6,2.2,Y,powdery mildew ,,
8/30/2023,F ,C ,51,A ,CP2 ,2,6,2,N/A ,Y,leaves dead ,,
8/30/2023,F ,C ,51,B ,YO11 ,5,1,,,,dead ,,
8/30/2023,F ,C ,52,A ,CC ,4,8,3.7,1.3,Y ,,,
8/30/2023,F ,C ,52,B ,YO8 ,5,8,,,,dead ,,
8/30/2023,F ,C ,53,A ,YO4 ,9,3,2.7,0.5,Y,tag fading/mildew ,,
8/30/2023,F ,C ,53,B ,IH ,3,8,12.2,4.9,Y,,,
8/30/2023,F ,C ,54,A ,LV1 ,3,7,1.6,N/A ,Y ,no leaves (Stem brown) ,,
8/30/2023,F ,C ,54,B ,TM2 ,1,14,23.8,1.5,Y,,,
8/30/2023,F ,C ,55,A ,YO7 ,1,4,2.4,2.3,Y ,,,
8/30/2023,F ,C ,55,B ,WL2 ,1,1,,,,dead ,,
8/30/2023,F ,C ,56,A ,BH ,2,8,,,,dead ,,
8/30/2023,F ,C ,56,B ,WL1 ,4,9,2.1,2.3,Y,,,
8/30/2023,F ,C ,57,A ,SC ,2,8,,,,dead ,,
8/30/2023,F ,C ,57,B ,CC ,5,8,,,,dead ,,
8/30/2023,F ,C ,58,A ,YO4 ,3,6,,,,dead ,,
8/30/2023,F ,C ,58,B ,FR ,4,7,,,,dead ,,
8/30/2023,F ,C ,59,A ,YO11* ,buffer ,buffer ,,,,,,
8/30/2023,F ,C ,59,B ,CP2* ,buffer ,buffer ,,,,,,
8/30/2023,F ,C ,60,A ,NA ,NA ,NA ,,,,,no hole/not planted ,
8/30/2023,F ,C ,60,B ,NA ,NA ,NA ,,,,,no hole/not planted ,
8/30/2023,D ,C ,1,C ,TM2* ,buffer ,buffer ,,,,,,
8/30/2023,D ,C ,1,D ,TM2* ,buffer ,buffer ,,,,,,
8/30/2023,D ,C ,2,C ,SC ,5,6,2.2,3.2,Y ,,new location ,
8/30/2023,D ,C ,2,D ,CC ,9,6,9.1,2.3,N ,,new location ,
8/30/2023,D ,C ,3,C ,SQ2 ,6,22,,,,dead ,,
8/30/2023,D ,C ,3,D ,CP2 ,5,4,1,2.6,Y ,,,
8/30/2023,D ,C ,4,C ,YO4 ,5,4,0.8,1.6,Y ,,,
8/30/2023,D ,C ,5,C ,SC ,6,6,3.6,3.1,Y ,,,
8/30/2023,D ,C ,6,C ,YO11 ,5,12,,,,dead ,,
8/30/2023,D ,C ,6,D ,WL1 ,7,20,2,1.5,Y,,,
8/30/2023,D ,C ,7,C ,WV ,4,10,,,,dead ,,
8/30/2023,D ,C ,7,D ,WL1 ,10,4,4.6,3.9,Y ,,,
8/30/2023,D ,C ,8,C ,DPR ,1,11,,,,dead ,,
8/30/2023,D ,C ,8,D ,YO11 ,4,7,,,,dead ,,
8/30/2023,D ,C ,9,C ,YO11 ,5,15,,,,dead ,,
8/30/2023,D ,C ,9,D ,CP2 ,7,11,,,,dead ,,
8/30/2023,D ,C ,10,C ,CP3 ,7,5,,,,dead ,,
8/30/2023,D ,C ,10,D ,BH ,3,6,4.5,3.2,Y ,,,
8/30/2023,D ,C ,11,C ,DPR ,4,11,3.8,3.2,Y ,,,
8/30/2023,D ,C ,11,D ,CC ,3,6,,,,dead ,,
8/30/2023,D ,C ,12,C ,YO8 ,3,2,,,,dead ,,
8/30/2023,D ,C ,12,D ,YO7 ,5,16,,,,dead ,,
8/30/2023,D ,C ,13,C ,LVTR1 ,7,4,0.8,0.7,Y ,,,
8/30/2023,D ,C ,13,D ,WL1 ,7,8,1.9,1.3,Y ,,,
8/30/2023,D ,C ,14,C ,DPR ,6,19,,,,dead ,,
8/30/2023,D ,C ,14,D ,YO8 ,6,6,,,,dead ,,
8/30/2023,D ,C ,15,C ,BH ,7,6,,,,dead ,,
8/30/2023,D ,C ,15,D ,LV3 ,7,10,,,,dead ,new location ,
8/30/2023,D ,C ,16,C ,IH ,4,7,,,,dead ,new location ,
8/30/2023,D ,C ,16,D ,WL1* ,buffer ,buffer ,,,,,,
8/30/2023,E ,C ,17,C ,WL1* ,buffer ,buffer ,,,,,,
8/30/2023,E ,C ,17,D ,NA ,NA ,NA ,,,,,no hole/not planted ,
8/30/2023,E ,C ,18,C ,WL1* ,buffer ,buffer ,,,,,,
8/30/2023,E ,C ,18,D ,WL1* ,buffer ,buffer ,,,,,,
8/30/2023,E ,C ,19,C ,YO8 ,4,8,,,,dead ,,
8/30/2023,E ,C ,19,D ,YO7 ,5,2,4.1,1.1,N ,,,
8/30/2023,E ,C ,20,C ,CP2 ,5,14,5.6,3.4,Y ,,,
8/30/2023,E ,C ,20,D ,YO7 ,7,22,,,,dead ,,
8/30/2023,E ,C ,21,C ,WL2 ,6,13,,,,dead ,,
8/30/2023,E ,C ,21,D ,LV1 ,5,6,,,,dead ,,
8/30/2023,E ,C ,22,C ,YO11 ,6,13,,,,dead ,,
8/30/2023,E ,C ,22,D ,FR ,7,7,2.4,1.9,Y ,,,
8/30/2023,E ,C ,23,C ,CC ,8,7,6.8,2.3,Y ,,,
8/30/2023,E ,C ,23,D ,TM2 ,4,12,5.7,1.2,Y ,,,
8/30/2023,E ,C ,24,C ,DPR ,6,6,,,,dead ,,
8/30/2023,E ,C ,24,D ,YO4 ,2,8,,,,dead ,,
8/30/2023,E ,C ,25,C ,YO11 ,8,13,,,,dead ,,
8/30/2023,E ,C ,25,D ,DPR ,8,3,8.4,2.7,N ,,,
8/30/2023,E ,C ,26,C ,NA ,NA ,NA ,,,,,no hole/not planted ,
8/30/2023,E ,C ,26,D ,NA ,NA ,NA ,,,,,no hole/not planted ,
8/30/2023,E ,C ,27,C ,NA ,NA ,NA ,,,,,no hole/not planted ,
8/30/2023,E ,C ,27,D ,NA ,NA ,NA ,,,,,no hole/not planted ,
8/30/2023,E ,C ,28,C ,WL1 ,4,3,1,,Y ,no leaves/heavy herb ,,
8/30/2023,E ,C ,28,D ,LV1 ,8,6,,,,dead ,,
8/30/2023,E ,C ,29,C ,YO11 ,1,13,,,,dead ,,
8/30/2023,E ,C ,29,D ,TM2 ,5,8,,,,dead ,,
8/30/2023,E ,C ,30,C ,BH ,4,7,4.2,3.4,Y ,,,
8/30/2023,E ,C ,30,D ,SQ2 ,6,27,,,,dead ,,
8/30/2023,E ,C ,31,C ,YO7 ,7,3,,,,dead ,,
8/30/2023,E ,C ,31,D ,LV1 ,2,6,,,,dead ,,
8/30/2023,E ,C ,32,C ,LVTR1 ,4,3,,,,dead ,,
8/30/2023,E ,C ,32,D ,TM2 ,7,12,23.5,1.6,N ,,,
8/30/2023,E ,C ,33,C ,TM2 ,2,5,19.5,1.3,N ,,,
8/30/2023,E ,C ,33,D ,CC ,3,7,6.2,2.8,Y ,,,
8/30/2023,E ,C ,34,C ,SC ,4,7,4,3.1,Y ,heavy herb. ,,
8/30/2023,E ,C ,34,D ,SC ,8,7,4.2,2.3,Y ,,,
8/30/2023,E ,C ,35,C ,WL2 ,8,13,,,,dead ,,
8/30/2023,E ,C ,35,D ,IH ,6,7,,,,dead ,,
8/30/2023,E ,C ,36,C ,CC ,1,7,,,,dead ,,
8/30/2023,E ,C ,36,D ,LVTR1 ,6,5,2.2,,Y ,no leave ,,
8/30/2023,E ,C ,37,C ,CC ,2,7,8.8,3.5,Y ,,,
8/30/2023,E ,C ,37,D ,IH ,5,7,,,,dead ,,
8/30/2023,E ,C ,38,C ,YO7 ,1,3,1.7,1.5,Y ,,,
8/30/2023,E ,C ,38,D ,LV1 ,3,6,,,,dead ,,
8/30/2023,E ,C ,39,C ,CP3 ,6,13,3.6,3.5,Y ,,,
8/30/2023,E ,C ,39,D ,YO8 ,8,7,1.4,2.8,Y ,,,
8/30/2023,E ,C ,40,C ,DPR ,6,18,5.6,2.1,Y ,,,
8/30/2023,E ,C ,40,D ,YO11 ,8,16,3.9,2.5,Y ,,,
8/30/2023,E ,C ,41,C ,LVTR1 ,8,8,4.1,1.1,Y ,,,
8/30/2023,E ,C ,41,D ,SC ,6,7,3.2,2.5,Y ,,,
8/30/2023,E ,C ,42,C ,WL1 ,7,9,2,1.5,Y ,,,
8/30/2023,E ,C ,42,D ,WL1 ,10,5,2.7,1.3,Y ,,,
8/30/2023,E ,C ,43,C ,WR ,2,19,3.1,2.1,Y ,,,
8/30/2023,E ,C ,43,D ,CP2 ,3,5,1.8,,Y ,fungus ,,
8/30/2023,E ,C ,44,C ,YO8 ,5,7,2.9,2.2,Y ,,,
8/30/2023,E ,C ,44,D ,WL2 ,7,13,3.4,2.2,Y ,,,
8/30/2023,E ,C ,45,C ,NA ,NA ,NA ,,,,,no hole/not planted ,
8/30/2023,E ,C ,45,D ,SC ,4,15,,,,dead ,,
8/30/2023,E ,C ,46,C ,TM2 ,1,6,,,,,dead at planting ,
8/30/2023,E ,C ,46,D ,SQ3 ,4,10,2,2.1,Y ,heavily herb ,,
8/30/2023,E ,C ,47,C ,FR ,4,6,1.9,1.3,Y,,,
8/30/2023,E ,C ,47,D ,SQ1 ,4,7,1.9,4.4,Y ,,,
8/30/2023,E ,C ,48,C ,DPR ,4,12,,,,dead ,,
8/30/2023,E ,C ,48,D ,SQ1 ,4,2,3,3.8,Y ,,,
8/30/2023,E ,C ,49,C ,YO11 ,7,13,2.3,2.1,Y ,fungus ,,
8/30/2023,E ,C ,49,D ,WL1* ,buffer ,buffer ,,,,,,
8/30/2023,F ,C ,50,C ,SQ2 ,4,4,,,,dead ,,
8/30/2023,F ,C ,50,D ,YO7 ,7,17,,,,dead ,,
8/30/2023,F ,C ,51,C ,IH ,4,8,,,,dead ,,
8/30/2023,F ,C ,51,D ,LV1 ,4,7,,,,dead ,,
8/30/2023,F ,C ,52,C ,YO8 ,8,8,,,,dead ,,
8/30/2023,F ,C ,52,D ,YO8 ,2,4,,,,dear ,,
8/30/2023,F ,C ,53,C ,TM2 ,5,2,,,,dead ,,
8/30/2023,F ,C ,53,D ,TM2 ,7,13,24.3,3.7,N ,,,
8/30/2023,F ,C ,54,C ,LVTR1 ,7,12,,,,different plant ,,
8/30/2023,F ,C ,54,D ,CC ,1,8,,,,dead ,,
8/30/2023,F ,C ,55,C ,CP3 ,6,1,,,,dead ,,
8/30/2023,F ,C ,55,D ,CP2 ,7,13,,,,dead ,,
8/30/2023,F ,C ,56,C ,DPR ,7,5,,,,dead ,,
8/30/2023,F ,C ,56,D ,TM2 ,1,7,,,,dead ,,
8/30/2023,F ,C ,57,C ,IH ,7,8,,,,dead ,,
8/30/2023,F ,C ,57,D ,LV1 ,5,7,,,,dead ,,
8/30/2023,F ,C ,58,C ,IH ,2,8,,,,dead ,,
8/30/2023,F ,C ,58,D ,CC ,8,8,,,,dead ,,
8/30/2023,F ,C ,59,C ,CP2* ,buffer ,buffer ,,,,,,
8/30/2023,F ,C ,59,D ,CP2* ,buffer ,buffer ,,,,,,
8/30/2023,F ,C ,60,C ,NA ,NA ,NA ,,,,,no hole/not planted ,
8/30/2023,F ,C ,60,D ,NA ,NA ,NA ,,,,,no hole/not planted ,
8/30/2023,G ,D ,1,A ,NA ,NA ,NA ,,,,,no hole/not planted ,
8/30/2023,G ,D ,1,B ,NA ,NA ,NA ,,,,,no hole/not planted ,
8/30/2023,G ,D ,2,A ,LV1* ,* buffel* ,buffer ,,,,,,
8/30/2023,G ,D ,2,B ,TM2* ,buffer ,buffer ,,,,,,
8/30/2023,G ,D ,3,A ,YO11 ,8,2,,,,Dead ,new location ,
8/30/2023,G ,D ,3,B ,IH ,5,9,10.7,5.6,Y ,,new location ,
8/30/2023,G ,D ,4,A ,TM2 ,5,10,,,,Dead ,new location ,
8/30/2023,G ,D ,4,B ,YO11 ,7,14,1,1.6,N ,,new location ,
8/30/2023,G ,D ,5,A ,CP3 ,4,2,3.6,1.5,Y ,,new location ,
8/30/2023,G ,D ,5,B ,SQ2 ,1,1,1.4,2,Y ,,,
8/30/2023,G ,D ,6,A ,CP2 ,5,7,,,,Dead ,,
8/30/2023,G ,D ,6,B ,NA ,NA ,NA ,,,,,no hole/not planted ,
8/30/2023,G ,D ,7,A ,NA ,NA ,NA ,,,,,no hole/not planted ,
8/30/2023,G ,D ,7,B ,LVTR1 ,8,10,,,,Dead ,,
8/30/2023,G ,D ,8,A ,NA ,NA ,NA ,,,,,no hole/not planted ,
8/30/2023,G ,D ,8,B ,NA ,NA ,NA ,,,,,no hole/not planted ,
8/30/2023,G ,D ,9,A ,CP3 ,2,1,,,,Dead ,,
8/30/2023,G ,D ,9,B ,NA ,NA ,NA ,,,,,no hole/not planted ,
8/30/2023,G ,D ,10,A ,CP2 ,1,7,1.9,3.1,N ,,,
8/30/2023,G ,D ,10,B ,DPR ,1,1,4.1,3,N ,,,
8/30/2023,G ,D ,11,A ,LV1 ,8,8,,,,Dead ,,
8/30/2023,G ,D ,11,B ,YO7 ,7,5,1.4,1.8,N ,,,
8/30/2023,G ,D ,12,A ,LVTR1 ,7,7,,,,Dead ,,
8/30/2023,G ,D ,12,B ,YO8 ,6,9,,,,Dead ,,
8/30/2023,G ,D ,13,A ,NA ,NA ,NA ,,,,Dead ,no hole/not planted ,
8/30/2023,G ,D ,13,B ,LVTR1 ,6,7,,,,Dead,,
8/30/2023,G ,D ,14,A ,IH ,7,9,9.8,4.5,Y ,,,
8/30/2023,G ,D ,14,B ,SC ,6,9,,,,,,
8/30/2023,G ,D ,15,A ,YO7 ,7,24,,,,,,
8/30/2023,G ,D ,15,B ,YO4 ,2,10,4.2,3.5,Y ,,,
8/30/2023,G ,D ,16,A ,SQ3 ,7,13,,,,Dead,SQ3 7-13 ,
8/30/2023,G ,D ,16,B ,YO11 ,3,4,,,,Dead,,
8/30/2023,G ,D ,17,A ,CC ,9,9,7.6,3.8,Y ,,,
8/30/2023,G ,D ,17,B ,LV3 ,5,5,2.8,1.7,Y ,,,
8/30/2023,G ,D ,18,A ,WL1 ,2,1,2.1,3.4,Y ,,,
8/30/2023,G ,D ,18,B ,DPR ,6,8,7.1,4.2,Y,,,
8/30/2023,G ,D ,19,A ,TM2 ,7,18,7.4,2.7,N ,,,
8/30/2023,G ,D ,19,B ,CC ,4,9,5.7,2.6,Y ,,,
8/30/2023,G ,D ,20,A ,YO7 ,6,14,1.3,1.8,N ,,,
8/30/2023,G ,D ,20,B ,LV1 ,3,8,,,,Dead,,
8/30/2023,G ,D ,21,A ,SC ,5,9,2.7,3.1,Y ,,,
8/30/2023,G ,D ,21,B ,BH ,6,9,,,,Dead ,,
8/30/2023,G ,D ,22,A ,DPR ,3,1,11.5,4.8,Y,,,
8/30/2023,G ,D ,22,B ,CC ,1,9,,,,Dead ,,
8/30/2023,G ,D ,23,A ,LV3 ,1,2,,,,Dead ,,
8/30/2023,G ,D ,23,B ,LVTR1 ,4,8,,,,Dead ,,
8/30/2023,G ,D ,24,A ,YO7 ,5,4,,,,Dead ,,
8/30/2023,G ,D ,24,B ,IH ,1,9,5,3.9,Y ,,,
8/30/2023,G ,D ,25,A ,WL1 ,7,11,,,,Dead,,
8/30/2023,G ,D ,25,B ,SC ,2,9,,,,,,
8/30/2023,G ,D ,26,A ,YO8 ,8,9,,,,,,
8/30/2023,G ,D ,26,B ,LV1 ,2,8,,,,,,
8/30/2023,G ,D ,27,A ,LV1 ,6,8,,,,,,
8/30/2023,G ,D ,27,B ,BH ,7,9,,,,,,
8/30/2023,G ,D ,28,A ,CP2 ,2,7,,,,,,
8/30/2023,G ,D ,28,B ,SC ,4,9,,,,,,
8/30/2023,G ,D ,29,A ,YO4 ,3,10,,,,,,
8/30/2023,G ,D ,29,B ,CC ,5,9,,,,,,
8/30/2023,G ,D ,30,A ,TM2 ,7,1,,,,,,
8/30/2023,G ,D ,30,B ,BH ,1,9,,,,,,
8/30/2023,G ,D ,31,A ,FR ,3,9,,,,,,
8/30/2023,G ,D ,31,B ,TM2 ,1,8,,,,,,
8/30/2023,G ,D ,32,A ,DPR ,5,13,,,,,,
8/30/2023,G ,D ,32,B ,SQ2 ,8,2,,,,,,
8/30/2023,G ,D ,33,A ,WL2 ,5,2,,,,,,
8/30/2023,G ,D ,33,B ,CP2 ,3,7,1.2,0.8,Y,Severe herb ,,
8/30/2023,G ,D ,34,A ,LV3 ,7,13,,,,Dead,,
8/30/2023,G ,D ,34,B ,CP2 ,7,1,,,,Dead,,
8/30/2023,G ,D ,35,A ,YO11 ,1,2,,,,Dead ,,
8/30/2023,G ,D ,35,B ,NA ,NA ,NA ,,,,,no hole/not planted ,
8/30/2023,F ,D ,36,A ,LV1* ,buffer ,buffer ,,,,,,
8/30/2023,F ,D ,36,B ,LV1* ,buffer ,buffer ,,,,,,
8/30/2023,F ,D ,37,A ,BH ,5,8,5.4,3.4,Y,,,
8/30/2023,F ,D ,37,B ,YO11 ,7,2,,,,Real ,new location ,
8/30/2023,F ,D ,38,A ,WL2 ,8,1,,,,,,
8/30/2023,F ,D ,38,B ,LVTR1 ,6,6,,,,,,
8/30/2023,F ,D ,39,A ,CC ,9,8,7.7,3.6,Y,,,
8/30/2023,F ,D ,39,B ,SC ,8,8,,,,Dead ,,
8/30/2023,F ,D ,40,A ,CC ,3,8,,,,,,
8/30/2023,F ,D ,40,B ,BH ,7,8,4.3,4.1,Y ,,,
8/30/2023,F ,D ,41,A ,YO11 ,5,18,,,,Dead,,
8/30/2023,F ,D ,41,B ,SQ3 ,1,12,1.3,1.8,Y ,Severe herb ,,
8/30/2023,F ,D ,42,A ,WR ,2,16,,,,Dead,,
8/30/2023,F ,D ,42,B ,YO8 ,1,4,,,,,,
8/30/2023,F ,D ,43,A ,LVTR1 ,7,6,3.2,,Y ,no leaves ,,
8/30/2023,F ,D ,43,B ,DPR ,8,16,6.2,0.5,Y ,severe nerb ,,
8/30/2023,F ,D ,44,A ,CP3 ,3,1,,,,Dead ,,
8/30/2023,F ,D ,44,B ,SQ1 ,14,6,,,,,,
8/30/2023,F ,D ,45,A ,SC ,6,8,5.6,2.4,Y ,,,
8/30/2023,F ,D ,45,B ,WL2 ,7,1,,,,Dead ,,
8/30/2023,F ,D ,46,A ,LV3 ,5,4,,,,Dead ,,
8/30/2023,F ,D ,46,B ,WL1 ,7,10,,,,Dead ,,
8/30/2023,F ,D ,47,A ,LVTR1 ,4,2,,,,Dead ,,
8/30/2023,F ,D ,47,B ,CP2 ,1,6,3.2,1.7,Y ,Severly wilted ,,
8/30/2023,F ,D ,48,A ,LV1 ,8,7,,,,Dead ,,
8/30/2023,F ,D ,48,B ,WL2 ,3,1,2.2,2.1,Y ,,,
8/30/2023,F ,D ,49,A ,SQ3 ,4,8,,,,Dead ,,
8/30/2023,F ,D ,49,B ,YO11 ,6,1,3.7,2.2,N ,covered in white ,,
8/30/2023,F ,D ,50,A ,YO7 ,7,4,3.2,1.4,N ,,,
8/30/2023,F ,D ,50,B ,CP3 ,2,7,,,,Dead ,,
8/30/2023,F ,D ,51,A ,LVTR1 ,5,12,,,,,,
8/30/2023,F ,D ,51,B ,TM2 ,4,8,,,,,,
8/30/2023,F ,D ,52,A ,WL1 ,2,2,,,,,,
8/30/2023,F ,D ,52,B ,YO7 ,7,16,,,,,,
8/30/2023,F ,D ,53,A ,IH ,6,8,,,,,,
8/30/2023,F ,D ,53,B ,DPR ,1,13,,,,,,
8/30/2023,F ,D ,54,A ,YO8 ,6,8,,,,,,
8/30/2023,F ,D ,54,B ,DPR ,8,4,11.9,5.1,Y ,,,
8/30/2023,F ,D ,55,A ,BH ,3,8,7.3,5.5,Y,,,
8/30/2023,F ,D ,55,B ,YO4 ,2,9,4.7,2.8,N ,,,
8/30/2023,F ,D ,56,A ,FR ,7,8,,,,Dead ,,
8/30/2023,F ,D ,56,B ,SQ1 ,2,6,2.8,2.5,Y ,,,
8/30/2023,F ,D ,57,A ,CP2 ,2,15,,,,Dead ,,
8/30/2023,F ,D ,57,B ,CP2 ,4,6,,,,Dead ,,
8/30/2023,F ,D ,58,A ,SQ2 ,6,1,2.1,5.3,Y ,,,
8/30/2023,F ,D ,58,B ,YO11 ,3,2,,,,Dead ,,
8/30/2023,F ,D ,59,A ,buffer ,buffer ,buffer ,,,,,,
8/30/2023,F ,D ,59,B ,LVTR1* ,buffer ,buffer ,,,,,,
8/30/2023,F ,D ,60,A ,NA ,NA ,NA ,,,,,no hole/not planted ,
8/30/2023,F ,D ,60,B ,NA ,NA ,NA ,,,,,no hole/not planted ,
8/30/2023,G ,D ,1,C ,NA ,NA ,NA ,,,,,no hole/not planted ,
8/30/2023,G ,D ,1,D ,NA ,NA ,NA ,,,,,no hole/not planted ,
8/30/2023,G ,D ,2,C ,TM2* ,buffer ,buffer ,,,,,,
8/30/2023,G ,D ,2,D ,buffer ,,,,,,,,
8/30/2023,G ,D ,3,C ,WR ,1,1,,,,,new location ,
8/30/2023,G ,D ,3,D ,SQ3 ,6,2,,,,SQ3 6-2 ,new location ,
8/30/2023,G ,D ,4,C ,YO8 ,1,5,3.2,2.8,Y,,new location ,
8/30/2023,G ,D ,4,D ,IH ,4,9,,,,,new location ,
8/30/2023,G ,D ,5,C ,WL2 ,2,2,0.9,1.4,N ,,,
8/30/2023,G ,D ,5,D ,CP2 ,4,7,,,,,,
8/30/2023,G ,D ,6,C ,CP3 ,4,15,,,,,,
8/30/2023,G ,D ,6,D ,YO4 ,9,2,,,,,,
8/30/2023,G ,D ,7,C ,NA ,NA ,NA ,,,,,no hole/not planted ,
8/30/2023,G ,D ,7,D ,NA ,NA ,NA ,,,,,no hole/not planted ,
8/30/2023,G ,D ,8,C ,LV1 ,1,8,,,,,,
8/30/2023,G ,D ,8,D ,NA ,NA ,NA ,,,,,no hole/not planted ,
8/30/2023,G ,D ,9,C ,WL2 ,3,2,,,,,,
8/30/2023,G ,D ,9,D ,FR ,7,9,,,,,,
8/30/2023,G ,D ,10,C ,LVTR1 ,2,7,,,,,,
8/30/2023,G ,D ,10,D ,SQ1 ,2,13,,,,,,
8/30/2023,G ,D ,11,C ,CP3 ,5,2,,,,,,
8/30/2023,G ,D ,11,D ,SQ2 ,6,23,,,,,,
8/30/2023,G ,D ,12,C ,YO11 ,5,2,,,,,,
8/30/2023,G ,D ,12,D ,BH ,5,9,,,,,,
8/30/2023,G ,D ,13,C ,SQ1 ,6,9,,,,,,
8/30/2023,G ,D ,13,D ,YO8 ,5,9,,,,,,
8/30/2023,G ,D ,14,C ,IH ,3,9,,,,,,
8/30/2023,G ,D ,14,D ,YO8 ,8,14,,,,,,
8/30/2023,G ,D ,15,C ,YO7 ,4,5,,,,,,
8/30/2023,G ,D ,15,D ,LVTR1 ,7,18,,,,,,
8/30/2023,G ,D ,16,C ,TM2 ,6,13,,,,,,
8/30/2023,G ,D ,16,D ,DPR ,3,15,,,,,,
8/30/2023,G ,D ,17,C ,YO8 ,3,5,2.1,2.3,Y ,severe herbivory ,,
8/30/2023,G ,D ,17,D ,SC ,8,9,2.7,2.4,Y,,,
8/30/2023,G ,D ,18,C ,LV1 ,5,8,,,,,,
8/30/2023,G ,D ,18,D ,FR ,6,12,,,,,,
8/30/2023,G ,D ,19,C ,CP3 ,6,2,,,,,,
8/30/2023,G ,D ,19,D ,TM2 ,2,9,,,,,,
8/30/2023,G ,D ,20,C ,TM2 ,4,4,,,,,,
8/30/2023,G ,D ,20,D ,BH ,2,9,,,,,,
8/30/2023,G ,D ,21,C ,IH ,2,9,,,,,,
8/30/2023,G ,D ,21,D ,WL2 ,6,2,,,,,,
8/30/2023,G ,D ,22,C ,CP2 ,2,14,2.5,2.9,Y ,,,
8/30/2023,G ,D ,22,D ,WL2 ,7,2,6.2,1.9,Y ,,,
8/30/2023,G ,D ,23,C ,WL1 ,7,15,2.6,1.6,Y ,severe herbivory ,,
8/30/2023,G ,D ,23,D ,CC ,8,9,,,,,,
8/30/2023,G ,D ,24,C ,CC ,3,9,,,,,,
8/30/2023,G ,D ,24,D ,SQ2 ,13,3,,,,,,
8/30/2023,G ,D ,25,C ,SC ,4,17,,,,,,
8/30/2023,G ,D ,25,D ,WL2 ,8,2,,,,,,
8/30/2023,G ,D ,26,C ,CP3 ,3,2,,,,,,
8/30/2023,G ,D ,26,D ,YO7 ,6,5,,,,,,
8/30/2023,G ,D ,27,C ,CC ,2,9,7.9,4,Y ,,,
8/30/2023,G ,D ,27,D ,YO11 ,6,2,,,,,,
8/30/2023,G ,D ,28,C ,SC ,8,15,4.2,4.5,Y ,,,
8/30/2023,G ,D ,28,D ,SQ2 ,6,2,1.2,0.4,N ,,,
8/30/2023,G ,D ,29,C ,WL2 ,1,2,3.7,0.4,N ,,,
8/30/2023,G ,D ,29,D ,YO7 ,1,5,3.1,1.7,Y ,,,
8/30/2023,G ,D ,30,C ,DPR ,8,5,,,,,,
8/30/2023,G ,D ,30,D ,FR ,4,8,,,,,,
8/30/2023,G ,D ,31,C ,YO8 ,2,5,,,,,,
8/30/2023,G ,D ,31,D ,IH ,6,9,6,4.5,N ,,,
8/30/2023,G ,D ,32,C ,LVTR1 ,4,4,1.6,,,almost dead ,,
8/30/2023,G ,D ,32,D ,LV1 ,4,8,1,,N ,,,
8/30/2023,G ,D ,33,C ,SQ1 ,14,9,,,,,,
8/30/2023,G ,D ,33,D ,WL1 ,10,1,,,,,,
8/30/2023,G ,D ,34,C ,CP3 ,1,1,,,,gone ,,
8/30/2023,G ,D ,34,D ,DPR ,4,1,5.4,0.6,N ,,,
8/30/2023,G ,D ,35,C ,BH ,3,9,,,,,,
8/30/2023,G ,D ,35,D ,BH ,4,9,,,,,,
8/30/2023,F ,D ,36,C ,WL1* ,buffer ,buffer ,,,,,,
8/30/2023,F ,D ,36,D ,WL1 ,7,14,,,,,new location ,
8/30/2023,F ,D ,37,C ,SC ,2,18,5.5,4.1,Y ,,,
8/30/2023,F ,D ,37,D ,WL1* ,buffer ,buffer ,,,,,,
8/30/2023,F ,D ,38,C ,NA ,NA ,NA ,,,,,no hole/not planted ,
8/30/2023,F ,D ,38,D ,DPR ,6,7,,,,,,
8/30/2023,F ,D ,39,C ,SC ,5,14,,,,,,
8/30/2023,F ,D ,39,D ,CP3 ,5,14,,,,,,
8/30/2023,F ,D ,40,C ,IH ,5,8,9.5,3.6,Y,,,
8/30/2023,F ,D ,40,D ,WL2 ,2,1,,,,,,
8/30/2023,F ,D ,41,C ,LVTR1 ,8,20,,,,,,
8/30/2023,F ,D ,41,D ,CP3 ,5,1,,,,,,
8/30/2023,F ,D ,42,C ,WL2 ,6,1,3.4,3.3,Y,has white mold/fungi,, 
8/30/2023,F ,D ,42,D ,YO7 ,3,9,3.1,1.6,N ,,,
8/30/2023,F ,D ,43,C ,SQ2 ,13,6,0.5,1.4,Y,has white mold/fungi,,
8/30/2023,F ,D ,43,D ,CC ,2,8,,,,,,
8/30/2023,F ,D ,44,C ,TM2 ,7,19,,,,,,
8/30/2023,F ,D ,44,D ,LV1 ,1,7,,,,,,
8/30/2023,F ,D ,45,C ,FR ,2,11,,,,,,
8/30/2023,F ,D ,45,D ,BH ,6,8,,,,,,
8/30/2023,F ,D ,46,C ,YO8 ,3,4,,,,,,
8/30/2023,F ,D ,46,D ,SC ,5,8,,,,,,
8/30/2023,F ,D ,47,C ,YO8 ,4,12,,,,,,
8/30/2023,F ,D ,47,D ,BH ,1,8,,,,,,
8/30/2023,F ,D ,48,C ,SQ2 ,6,25,3.9,2.3,Y,has white fungi,, 
8/30/2023,F ,D ,48,D ,YO11 ,7,1,3.1,0.4,N ,has white fungi,,
8/30/2023,F ,D ,49,C ,SQ2 ,8,1,,,,,,
8/30/2023,F ,D ,49,D ,YO11 ,1,1,,,,,,
8/30/2023,F ,D ,50,C ,YO7 ,5,3,,,,,,
8/30/2023,F ,D ,50,D ,DPR ,4,13,,,,,,
8/30/2023,F ,D ,51,C ,IH ,1,8,9.4,4.4,Y ,,,
8/30/2023,F ,D ,51,D ,LV3 ,7,8,,,,,,
8/30/2023,F ,D ,52,C ,CP3 ,1,13,,,,,,
8/30/2023,F ,D ,52,D ,LVTR1 ,8,23,,,,,,
8/30/2023,F ,D ,53,C ,BH ,4,8,,,,,,
8/30/2023,F ,D ,53,D ,DPR ,3,13,,,,,,
8/30/2023,F ,D ,54,C ,NA ,NA ,NA ,,,,,no hole/not planted ,
8/30/2023,F ,D ,54,D ,CP2 ,5,6,1.8,2.5,Y ,,,
8/30/2023,F ,D ,55,C ,SC ,4,8,4.2,3.7,Y ,,,
8/30/2023,F ,D ,55,D ,CP2 ,3,6,2.6,2.8,N ,,,
8/30/2023,F ,D ,56,C ,YO7 ,6,4,3.1,1.9,Y ,,,
8/30/2023,F ,D ,56,D ,CP3 ,4,1,1.6,1.7,Y ,has white fungi, ,
8/30/2023,F ,D ,57,C ,FR ,5,9,,,,,,
8/30/2023,F ,D ,57,D ,LV1 ,2,7,1.3,,,no leaves ,,
8/30/2023,F ,D ,58,C ,TM2 ,2,10,,,,,,
8/30/2023,F ,D ,58,D ,WL2 ,5,1,5.8,4.4,Y ,has white fungi,,
8/30/2023,F ,D ,59,C ,BH* ,buffer ,buffer ,,,,,dead 7/19 ,
8/30/2023,F ,D ,59,D ,LV1 ,3,15,3.9,2.1,Y ,,new location ,
8/30/2023,F ,D ,60,C ,NA ,NA ,NA ,,,,,no hole/not planted ,
8/30/2023,F ,D ,60,D ,LVTR1* ,buffer ,buffer ,,,,,,
8/30/2023,H ,E ,1,A ,NA ,NA ,NA ,,,,,no hole/not planted ,
8/30/2023,H ,E ,1,B ,NA ,NA ,NA ,,,,,no hole/not planted ,
8/30/2023,H ,E ,2,A ,NA ,NA ,NA ,,,,,no hole/not planted ,
8/30/2023,H ,E ,2,B ,NA ,NA ,NA ,,,,,no hole/not planted ,
8/30/2023,H ,E ,3,A ,NA ,,,,,,,,
8/30/2023,H ,E ,3,B ,SQ3 ,4,2,,,,Dead ,new location ,
8/30/2023,H ,E ,4,A ,NA ,NA ,NA ,,,,,no hole/not planted ,
8/30/2023,H ,E ,4,B ,LV1 ,2,9,,,,Dead ,new location ,
8/30/2023,H ,E ,5,A ,CP3 ,4,3,,,,Dead ,,
8/30/2023,H ,E ,5,B ,YO11 ,8,3,,,,Dead ,,
8/30/2023,H ,E ,6,A ,NA ,NA ,NA ,,,,,no hole/not planted ,
8/30/2023,H ,E ,6,B ,YO11 ,6,3,1.1,2.6,N ,covered in white stuff,,
8/30/2023,H ,E ,7,A ,YO4 ,1,2,3.4,3.1,Y ,,,
8/30/2023,H ,E ,7,B ,SQ2 ,1,2,,,,Dead ,,
8/30/2023,H ,E ,8,A ,LVTR1 ,7,8,,,,Dead ,,
8/30/2023,H ,E ,8,B ,TM2 ,6,2,18.5,2.3,N ,,,
8/30/2023,H ,E ,9,A ,DPR ,8,6,5.6,3.1,Y,,,
8/30/2023,H ,E ,9,B ,NA ,NA ,NA ,,,,,no hole/not planted ,
8/30/2023,H ,E ,10,A ,WL1 ,3,5,,,,Dead ,,
8/30/2023,H ,E ,10,B ,CP3 ,1,2,,,,Dead ,,
8/30/2023,H ,E ,11,A ,FR ,7,10,,,,Dead ,,
8/30/2023,H ,E ,11,B ,DPR ,4,2,2,4,Y,,,
8/30/2023,H ,E ,12,A ,LV1 ,6,9,,,,Dead ,,
8/30/2023,H ,E ,12,B ,LVTR1 ,5,1,3.2,2.2,N ,covered in white stuff,,
8/30/2023,H ,E ,13,A ,BH ,7,10,,,,Dead ,,
8/30/2023,H ,E ,13,B ,NA ,NA ,NA ,,,,,no hole/not planted ,
8/30/2023,H ,E ,14,A ,YO11 ,5,3,2.2,3,Y ,covered in white stuff,,
8/30/2023,H ,E ,14,B ,SQ1 ,14,8,,,,Dead ,,
8/30/2023,H ,E ,15,A ,SC ,6,10,,,,,,
8/30/2023,H ,E ,15,B ,YO7 ,7,6,,,,,,
8/30/2023,H ,E ,16,A ,TM2 ,3,2,,,,,,
8/30/2023,H ,E ,16,B ,YO8 ,5,10,,,,,,
8/30/2023,H ,E ,17,A ,YO11 ,5,16,,,,,,
8/30/2023,H ,E ,17,B ,WL2 ,7,3,3.2,3.7,Y ,,,
8/30/2023,H ,E ,18,A ,LVTR1 ,8,11,,,,Dead ,,
8/30/2023,H ,E ,18,B ,BH ,6,10,6.2,4.2,Y ,,,
8/30/2023,H ,E ,19,A ,LV1 ,5,9,1.1,,,just stem ,,
8/30/2023,H ,E ,19,B ,CP3 ,6,3,,,,Dead ,,
8/30/2023,H ,E ,20,A ,WR ,2,20,,,,Dead ,,
8/30/2023,H ,E ,20,B ,SQ1 ,14,5,1.9,0.4,Y ,,,
8/30/2023,H ,E ,21,A ,CC ,5,10,6.3,3.1,Y ,,,
8/30/2023,H ,E ,21,B ,CP2 ,1,8,2.8,0.9,Y ,rotting ,,
8/30/2023,H ,E ,22,A ,IH ,2,10,7.3,4.2,Y ,,,
8/30/2023,H ,E ,22,B ,LV1 ,4,9,,,,Dead ,,
8/30/2023,H ,E ,23,A ,SQ2 ,8,3,0.8,,,Stem only ,,
8/30/2023,H ,E ,23,B ,WR ,3,2,6.3,4.4,Y,,,
8/30/2023,H ,E ,24,A ,CP3 ,7,12,1.4,1.5,Y ,Top half rotting,,
8/30/2023,H ,E ,24,B ,WL2 ,8,3,,,,Dead ,,
8/30/2023,H ,E ,25,A ,YO7 ,6,6,2.1,1.8,N ,,,
8/30/2023,H ,E ,25,B ,TM2 ,1,15,22.6,2.1,N ,,,
8/30/2023,H ,E ,26,A ,SQ2 ,11,2,1.5,0.3,Y,Top half dead,,
8/30/2023,H ,E ,26,B ,IH ,7,10,,,,Dead ,,
8/30/2023,H ,E ,27,A ,FR ,4,9,,,,Dead ,,
8/30/2023,H ,E ,27,B ,YO11 ,1,3,,,,Dead ,,
8/30/2023,H ,E ,28,A ,WL2 ,2,3,3.8,2,Y ,,,
8/30/2023,H ,E ,28,B ,CC ,9,10,11.4,2.9,Y ,,,
8/30/2023,H ,E ,29,A ,TM2 ,1,9,20.6,1.4,N ,,,
8/30/2023,H ,E ,29,B ,YO8 ,3,6,,,,Dead ,,
8/30/2023,H ,E ,30,A ,NA ,NA ,NA ,,,,,no hole/not planted ,
8/30/2023,H ,E ,30,B ,NA ,NA ,NA ,,,,tree; skip 10 rows ,no hole/not planted ,
8/30/2023,H ,E ,41,A ,FR ,3,8,1.2,1.4,N ,,,
8/30/2023,H ,E ,41,B ,WL1 ,7,12,4,2.4,Y ,,,
8/30/2023,H ,E ,42,A ,CP2 ,7,2,,,,Dead ,,
8/30/2023,H ,E ,42,B ,CP3 ,3,3,,,,Dead ,,
8/30/2023,H ,E ,43,A ,YO7 ,5,14,2.6,1.4,Y ,,,
8/30/2023,H ,E ,43,B ,DPR ,6,17,4,1.5,N ,powdery mildew ,,
8/30/2023,H ,E ,44,A ,YO4 ,9,1,3.8,2.2,Y ,powdery mildew ,,
8/30/2023,H ,E ,44,B ,SC ,4,10,3.8,3.1,Y ,,,
8/30/2023,H ,E ,45,A ,WL2 ,5,3,5.6,2.5,N ,powdery mildew ,new location ,
8/30/2023,H ,E ,45,B ,SQ1 ,2,12,,,,Dead ,new location ,
8/30/2023,I ,E ,46,A ,YO7 ,7,7,2.2,2.2,N ,,,
8/30/2023,I ,E ,46,B ,IH ,3,11,9.2,3.5,N ,,,
8/30/2023,I ,E ,47,A ,BH ,4,11,5.6,4.6,N ,,,
8/30/2023,I ,E ,47,B ,BH ,6,11,7.9,3.8,N ,,,
8/30/2023,I ,E ,48,A ,SC ,5,11,5.7,4.1,Y ,,,
8/30/2023,I ,E ,48,B ,CC ,2,11,6.1,4.2,N ,,,
8/30/2023,I ,E ,49,A ,YO7 ,4,3,3.2,2.3,N ,,,
8/30/2023,I ,E ,49,B ,TM2 ,6,4,9.3,2.4,N ,,,
8/30/2023,I ,E ,50,A ,FR ,6,10,,,,Dead ,,
8/30/2023,I ,E ,50,B ,IH ,6,11,,,,,,
8/30/2023,I ,E ,51,A ,LV1 ,8,10,,,,,,
8/30/2023,I ,E ,51,B ,IH ,1,11,,,,,,
8/30/2023,I ,E ,52,A ,WL2* ,buffer ,buffer ,,,,,,
8/30/2023,I ,E ,52,B ,WL2* ,buffer ,buffer ,,,,,,
8/30/2023,I ,E ,53,A ,NA ,NA ,NA ,,,,,no hole/not planted ,
8/30/2023,I ,E ,53,B ,NA ,NA ,NA ,,,,,no hole/not planted ,
8/30/2023,H ,E ,1,C ,NA ,NA ,NA ,,,,,no hole/not planted ,
8/30/2023,H ,E ,1,D ,NA ,NA ,NA ,,,,,no hole/not planted ,
8/30/2023,H ,E ,2,C ,NA ,NA ,NA ,,,,,no hole/not planted ,
8/30/2023,H ,E ,2,D ,TM2 ,7,2,,,,,new location ,
8/30/2023,H ,E ,3,C ,NA ,NA ,NA ,,,,,no hole/not planted ,
8/30/2023,H ,E ,3,D ,NA ,NA ,NA ,,,,,no hole/not planted ,
8/30/2023,H ,E ,4,C ,YO11 ,3,12,,,,,new location ,
8/30/2023,H ,E ,4,D ,LVTR1 ,7,14,,,,,new location ,
8/30/2023,H ,E ,5,C ,BH ,5,10,7.2,4.1,Y ,,,
8/30/2023,H ,E ,5,D ,IH ,3,10,8.6,4.3,Y ,,,
8/30/2023,H ,E ,6,C ,SC ,8,10,4.5,4.1,Y,,,
8/30/2023,H ,E ,6,D ,SQ2 ,6,20,,,,,,
8/30/2023,H ,E ,7,C ,TM2 ,2,7,,,,,,
8/30/2023,H ,E ,7,D ,YO8 ,1,6,,,,,,
8/30/2023,H ,E ,8,C ,WL1 ,4,12,,,,,,
8/30/2023,H ,E ,8,D ,CC ,4,10,,,,,,
8/30/2023,H ,E ,9,C ,LVTR1 ,6,8,,,,,,
8/30/2023,H ,E ,9,D ,CP2 ,3,8,,,,,,
8/30/2023,H ,E ,10,C ,CC ,2,10,6.5,3,Y ,,,
8/30/2023,H ,E ,10,D ,LV3 ,7,6,,,,,,
8/30/2023,H ,E ,11,C ,CP2 ,5,8,,,,,,
8/30/2023,H ,E ,11,D ,LV1 ,3,9,,,,,,
8/30/2023,H ,E ,12,C ,SC ,2,10,,,,,,
8/30/2023,H ,E ,12,D ,YO8 ,4,4,,,,,,
8/30/2023,H ,E ,13,C ,SQ2 ,6,3,,,,,,
8/30/2023,H ,E ,13,D ,SC ,2,20,,,,,,
8/30/2023,H ,E ,14,C ,DPR ,6,9,,,,,,
8/30/2023,H ,E ,14,D ,CP3 ,2,2,,,,,,
8/30/2023,H ,E ,15,C ,WL2 ,3,3,,,,,,
8/30/2023,H ,E ,15,D ,NA ,NA ,NA ,,,,,no hole/not planted ,
8/30/2023,H ,E ,16,C ,YO11 ,7,3,,,,,,
8/30/2023,H ,E ,16,D ,NA ,NA ,NA ,,,,,no hole/not planted ,
8/30/2023,H ,E ,17,C ,LVTR1 ,3,4,,,,,,
8/30/2023,H ,E ,17,D ,DPR ,1,2,7.3,0.6,Y ,,,
8/30/2023,H ,E ,18,C ,CP2 ,4,8,,,,,,
8/30/2023,H ,E ,18,D ,YO7 ,2,13,,,,,,
8/30/2023,H ,E ,19,C ,CC ,1,10,,,,,,
8/30/2023,H ,E ,19,D ,SC ,5,10,,,,,,
8/30/2023,H ,E ,20,C ,CP2 ,6,1,,,,,,
8/30/2023,H ,E ,20,D ,BH ,2,10,3.9,4.8,Y ,,,
8/30/2023,H ,E ,21,C ,YO7 ,5,5,1.8,1.7,Y ,,,
8/30/2023,H ,E ,21,D ,BH ,3,10,,,,,,
8/30/2023,H ,E ,22,C ,CC ,8,10,,,,,,
8/30/2023,H ,E ,22,D ,YO8 ,6,10,2.9,2.7,Y ,has white mold/fungi ,,
8/30/2023,H ,E ,23,C ,BH ,1,10,3.1,3.8,Y ,,,
8/30/2023,H ,E ,23,D ,IH ,5,10,8.6,4.8,Y ,,,
8/30/2023,H ,E ,24,C ,WL2 ,6,3,,,,,,
8/30/2023,H ,E ,24,D ,YO8 ,8,10,,,,,,
8/30/2023,H ,E ,25,C ,CP3 ,5,3,,,,,,
8/30/2023,H ,E ,25,D ,SC ,6,14,,,,,,
8/30/2023,H ,E ,26,C ,CP2 ,2,8,,,,,,
8/30/2023,H ,E ,26,D ,IH ,6,10,4.9,1.6,N ,,,
8/30/2023,H ,E ,27,C ,BH ,4,10,4.9,3.4,Y ,,,
8/30/2023,H ,E ,27,D ,LV1 ,8,9,2.2,2,Y ,,,
8/30/2023,H ,E ,28,C ,SQ3 ,1,5,,,,,,
8/30/2023,H ,E ,28,D ,YO7 ,4,10,,,,,,
8/30/2023,H ,E ,29,C ,YO7 ,7,25,,,,,,
8/30/2023,H ,E ,29,D ,IH ,4,10,7.6,4.6,N ,,,
8/30/2023,H ,E ,30,C ,NA ,NA ,NA ,,,,,no hole/not planted ,
8/30/2023,H ,E ,30,D ,NA ,NA ,NA ,,,,,Tree for 10 rows ,
8/30/2023,H ,E ,41,C ,WL2 ,1,3,6.5,1.9,Y ,,,
8/30/2023,H ,E ,41,D ,LV3 ,5,6,5.4,1.6,N ,wilting ,,
8/30/2023,H ,E ,42,C ,YO8 ,2,6,0.5,0.2,N ,half is dead ,,
8/30/2023,H ,E ,42,D ,CC ,3,10,8.1,3.4,Y ,,,
8/30/2023,H ,E ,43,C ,YO4 ,2,11,8.3,3.5,Y ,,,
8/30/2023,H ,E ,43,D ,IH ,1,10,5.2,3.1,Y ,,,
8/30/2023,H ,E ,44,C ,LVTR1 ,2,8,4.2,2.1,N ,has white fungi,,
8/30/2023,H ,E ,44,D ,LV1 ,1,9,1.5,0.7,N ,has white fungi,,
8/30/2023,H ,E ,45,C ,DPR ,3,2,6.8,2.2,Y ,,,
8/30/2023,H ,E ,45,D ,DPR ,3,14,5.5,2.1,N ,,new location ,
8/30/2023,I ,E ,46,C ,YO8 ,2,7,,,,,new location ,
8/30/2023,I ,E ,46,D ,SQ3 ,2,6,,,,,,
8/30/2023,I ,E ,47,C ,YO11 ,4,6,,,,,,
8/30/2023,I ,E ,47,D ,SC ,4,11,1.7,1.5,Y ,,,
8/30/2023,I ,E ,48,C ,SQ1 ,2,10,,,,,,
8/30/2023,I ,E ,48,D ,TM2 ,1,10,,,,,,
8/30/2023,I ,E ,49,C ,DPR ,8,15,,,,,,
8/30/2023,I ,E ,49,D ,CC ,4,11,7.1,2,N ,,,
8/30/2023,I ,E ,50,C ,CP2 ,7,3,1.7,2,N ,has white fungi, ,
8/30/2023,I ,E ,50,D ,IH ,5,11,8.9,2.9,N ,,,
8/30/2023,I ,E ,51,C ,LVTR1 ,6,9,,,,,,
8/30/2023,I ,E ,51,D ,BH ,1,11,,,,,,
8/30/2023,I ,E ,52,C ,YO8* ,buffer ,buffer ,,,,,,
8/30/2023,I ,E ,52,D ,SC* ,buffer ,buffer ,,,,,,
8/30/2023,I ,E ,53,C ,NA ,NA ,NA ,,,,,,
8/30/2023,I ,E ,53,D ,NA ,NA ,NA ,,,,,no hole/not planted ,
8/30/2023,J ,F ,1,A ,NA ,NA ,NA ,,,,,no hole/not planted ,
8/30/2023,J ,F ,1,B ,WL1* ,buffer ,buffer ,,,,,,
8/30/2023,J ,F ,2,A ,LV1 ,8,11,,,,Dead ,,
8/30/2023,J ,F ,2,B ,TM2 ,1,11,20,2.1,N ,,,
8/30/2023,J ,F ,3,A ,SC ,7,6,3.8,3.8,Y,,,
8/30/2023,J ,F ,3,B ,CC ,1,12,6.4,5.3,N ,,,
8/30/2023,J ,F ,4,A ,CC ,2,12,10.3,4.4,N ,,,
8/30/2023,J ,F ,4,B ,NA ,NA ,NA ,,,,,no hole/not planted ,
8/30/2023,J ,F ,5,A ,FR ,4,11,,,,Dead ,,
8/30/2023,J ,F ,5,B ,DPR ,4,4,8.1,3.2,N ,,,
8/30/2023,J ,F ,6,A ,YO8 ,1,8,,,,Dead ,,
8/30/2023,J ,F ,6,B ,WL2 ,8,5,5.9,4.1,N ,,,
8/30/2023,J ,F ,7,A ,CP2 ,6,7,2.6,2.8,Y ,,,
8/30/2023,J ,F ,7,B ,IH ,1,12,0.6,4.7,Y ,,,
8/30/2023,J ,F ,8,A ,DPR ,1,4,7.4,4.9,Y ,,,
8/30/2023,J ,F ,8,B ,YO7 ,1,11,,,,Dead ,,
8/30/2023,J ,F ,9,A ,WL1 ,9,10,4.2,4.2,N ,,,
8/30/2023,J ,F ,9,B ,CP3 ,2,3,2.9,4,Y ,Severe berb ,,
8/30/2023,I ,F ,10,A ,YO11 ,6,5,,,,Dead ,new location ,
8/30/2023,I ,F ,10,B ,FR ,6,8,2.5,,Y,just stem ,new location ,
8/30/2023,I ,F ,11,A ,WL1 ,7,13,1.4,1.4,Y ,rotting ,new location ,
8/30/2023,I ,F ,11,B ,LV1 ,1,10,,,,Dead ,,
8/30/2023,I ,F ,12,A ,WL2 ,2,4,4.2,2.1,Y ,,,
8/30/2023,I ,F ,12,B ,BH ,5,11,,,,Dead ,,
8/30/2023,I ,F ,13,A ,TM2 ,5,13,,,,,,
8/30/2023,I ,F ,13,B ,CP2 ,1,9,,,,,,
8/30/2023,I ,F ,14,A ,FR ,4,10,,,,,,
8/30/2023,I ,F ,14,B ,CP2 ,4,9,2,1.2,Y ,,,
8/30/2023,I ,F ,15,A ,DPR ,5,4,6,2.2,N ,Covered in white ,,
8/30/2023,I ,F ,15,B ,YO4 ,4,3,5.1,1.8,Y ,covered in white ,,
8/30/2023,I ,F ,16,A ,SQ1 ,5,9,,,,Dead ,,
8/30/2023,I ,F ,16,B ,FR ,3,10,,,,Dead ,,
8/30/2023,I ,F ,17,A ,CP3 ,3,4,,,,,,
8/30/2023,I ,F ,17,B ,LVTR1 ,7,10,,,,,,
8/30/2023,I ,F ,18,A ,DPR ,3,3,7.5,3,Y ,,,
8/30/2023,I ,F ,18,B ,YO7 ,5,6,3,2.5,N ,,,
8/30/2023,I ,F ,19,A ,SC ,6,11,5.2,3.8,Y,,,
8/30/2023,I ,F ,19,B ,SQ2 ,8,4,,,,no tag/ Dead ,,
8/30/2023,I ,F ,20,A ,DPR ,1,3,6.1,3.5,Y,,,
8/30/2023,I ,F ,20,B ,WL1 ,9,4,2.4,4.1,Y,,,
8/30/2023,I ,F ,21,A ,SC ,2,14,1.8,2.1,Y ,,,
8/30/2023,I ,F ,21,B ,YO8 ,8,11,,,,Dead ,,
8/30/2023,I ,F ,22,A ,YO11 ,5,4,,,,,,
8/30/2023,I ,F ,22,B ,CP2 ,2,9,,,,,,
8/30/2023,I ,F ,23,A ,DPR ,4,3,,,,,,
8/30/2023,I ,F ,23,B ,BH ,3,11,3.1,4.6,Y ,,,
8/30/2023,I ,F ,24,A ,TM2 ,2,4,25.1,1.7,Y ,,,
8/30/2023,I ,F ,24,B ,LVTR1 ,5,7,,,,Dead ,,
8/30/2023,I ,F ,25,A ,YO11 ,7,4,,,,,,
8/30/2023,I ,F ,25,B ,YO8 ,6,11,,,,,,
8/30/2023,I ,F ,26,A ,WL2 ,8,4,2.1,1.5,Y ,,,
8/30/2023,I ,F ,26,B ,IH ,7,11,7,4.2,N ,,,
8/30/2023,I ,F ,27,A ,LVTR1 ,4,6,3.8,1.4,N ,White Stuff ,,
8/30/2023,I ,F ,27,B ,LV1 ,6,10,,,,Dead ,,
8/30/2023,I ,F ,38,A ,NA ,NA ,NA ,,,,,Tree; skip 10 rows ,
8/30/2023,I ,F ,38,B ,LV1* ,buffer ,buffer ,,,,,,
8/30/2023,I ,F ,39,A ,SQ2 ,2,6,1.9,2.3,N ,,,
8/30/2023,I ,F ,39,B ,YO11 ,6,4,,,,Dead ,,
8/30/2023,I ,F ,40,A ,LVTR1 ,8,16,3.4,0.7,N ,leaves are crispy  ,,
8/30/2023,I ,F ,40,B ,NA ,NA ,NA ,,,,,no hole/not planted ,
8/30/2023,I ,F ,41,A ,CP3 ,6,4,1.8,1.8,Y ,,,
8/30/2023,I ,F ,41,B ,CC ,1,11,,,,Dead,,
8/30/2023,I ,F ,42,A ,WL2 ,5,4,4.4,1.8,Y ,White Stuff ,,
8/30/2023,I ,F ,42,B ,CC ,3,11,9.4,3.5,N ,,,
8/30/2023,I ,F ,43,A ,CC ,5,11,,,,Dead ,,
8/30/2023,I ,F ,43,B ,CC ,8,11,5,2,N ,,,
8/30/2023,I ,F ,44,A ,CP2 ,5,9,4.2,2.8,Y ,,,
8/30/2023,I ,F ,44,B ,TM2 ,7,21,9.5,1.9,N ,,,
8/30/2023,I ,F ,45,A ,WL1 ,2,12,,,,Dead ,,
8/30/2023,I ,F ,45,B ,YO7 ,6,7,,,,Dead ,,
8/30/2023,I ,F ,46,A ,BH* ,buffer ,buffer ,,,,,,
8/30/2023,I ,F ,46,B ,YO8* ,buffer ,buffer ,,,,,,
8/30/2023,I ,F ,47,A ,NA ,NA ,NA ,,,,,no hole/not planted ,
8/30/2023,I ,F ,47,B ,NA ,NA ,NA ,,,,,no hole/not planted ,
8/30/2023,J ,F ,1,C ,YO11* ,buffer ,buffer ,,,,,end of bed ,
8/30/2023,J ,F ,1,D ,SC* ,buffer ,buffer ,,,,,,
8/30/2023,J ,F ,2,C ,IH ,7,12,6.3,3.2,Y ,,,
8/30/2023,J ,F ,2,D ,YO11 ,8,14,,,,,,
8/30/2023,J ,F ,3,C ,WL1 ,7,18,1.9,2.7,Y ,,,
8/30/2023,J ,F ,3,D ,WR ,2,11,,,,,,
8/30/2023,J ,F ,4,C ,TM2 ,7,4,27.1,1.7,Y ,,,
8/30/2023,J ,F ,4,D ,YO11 ,4,1,0.9,1.5,Y ,,,
8/30/2023,J ,F ,5,C ,NA ,NA ,NA ,,,,,no hole/not planted ,
8/30/2023,J ,F ,5,D ,WL1 ,7,1,3.7,2.6,Y ,,,
8/30/2023,J ,F ,6,C ,DPR ,8,18,,,,,,
8/30/2023,J ,F ,6,D ,LV1 ,1,11,,,,,,
8/30/2023,J ,F ,7,C ,CP3 ,3,5,,,,,,
8/30/2023,J ,F ,7,D ,CP2 ,7,4,,,,,,
8/30/2023,J ,F ,8,C ,SC ,6,12,4.2,4.9,Y ,,,
8/30/2023,J ,F ,8,D ,TM2 ,7,15,,,,,,
8/30/2023,J ,F ,9,C ,LVTR1 ,6,14,,,,,,
8/30/2023,J ,F ,9,D ,YO8 ,8,12,,,,,,
8/30/2023,I ,F ,10,C ,NA ,NA ,NA ,,,,,no hole/not planted ,
8/30/2023,I ,F ,10,D ,WR ,2,18,3,2.1,Y ,,new location ,
8/30/2023,I ,F ,11,C ,SQ2 ,6,4,3.7,2.9,Y ,has white fungi,, 
8/30/2023,I ,F ,11,D ,YO11 ,5,17,4.3,2.8,Y ,has white fungi ,,
8/30/2023,I ,F ,12,C ,CP2 ,6,12,,,,,,
8/30/2023,I ,F ,12,D ,YO11 ,1,4,4.4,2.3,Y ,has white fungi,,
8/30/2023,I ,F ,13,C ,CP3 ,1,14,,,,,,
8/30/2023,I ,F ,13,D ,SC ,8,11,,,,,,
8/30/2023,I ,F ,14,C ,SQ3 ,3,13,1.2,,Y ,no leaves ,,
8/30/2023,I ,F ,14,D ,CP3 ,7,2,,,,,,
8/30/2023,I ,F ,15,C ,WL2 ,1,4,2.2,3.7,Y,,,
8/30/2023,I ,F ,15,D ,CP3 ,5,4,,,,,,
8/30/2023,I ,F ,16,C ,YO8 ,3,7,,,,,,
8/30/2023,I ,F ,16,D ,NA ,NA ,NA ,,,,,no hole/not planted ,
8/30/2023,I ,F ,17,C ,TM2 ,7,3,,,,,,
8/30/2023,I ,F ,17,D ,NA ,NA ,NA ,,,,,no hole/not planted ,
8/30/2023,I ,F ,18,C ,BH ,7,11,6.1,4.5,N ,not dead ,,
8/30/2023,I ,F ,18,D ,LV1 ,3,10,2.7,1.8,N ,,,
8/30/2023,I ,F ,19,C ,YO8 ,5,11,,,,,,
8/30/2023,I ,F ,19,D ,WL2 ,7,4,3.9,3.1,N ,,,
8/30/2023,I ,F ,20,C ,DPR ,6,10,,,,,,
8/30/2023,I ,F ,20,D ,LVTR1 ,2,9,,,,,,
8/30/2023,I ,F ,21,C ,IH ,2,11,,,,,,
8/30/2023,I ,F ,21,D ,FR ,7,11,7.3,2.6,Y,,,
8/30/2023,I ,F ,22,C ,YO11 ,8,4,,,,,,
8/30/2023,I ,F ,22,D ,DPR ,8,7,,,,,,
8/30/2023,I ,F ,23,C ,SC ,2,23,3.4,3.6,N ,,,
8/30/2023,I ,F ,23,D ,LV1 ,2,10,,,,,,
8/30/2023,I ,F ,24,C ,YO8 ,1,7,,,,,,
8/30/2023,I ,F ,24,D ,WL2 ,3,4,,,,,,
8/30/2023,I ,F ,25,C ,CP2 ,3,9,,,,7/26: no leaves remaining ,,
8/30/2023,I ,F ,25,D ,YO7 ,4,13,,,,,,
8/30/2023,I ,F ,26,C ,TM2 ,4,5,,,,,,
8/30/2023,I ,F ,26,D ,SC ,2,11,,,,,,
8/30/2023,I ,F ,27,C ,YO4 ,3,13,,,,,,
8/30/2023,I ,F ,27,D ,YO4 ,2,12,,,,,,
8/30/2023,I ,F ,38,C ,NA ,NA ,NA ,,,,,no hole/not planted ,
8/30/2023,I ,F ,38,D ,DPR* ,buffer ,buffer ,,,,,,
8/30/2023,I ,F ,39,C ,SQ2 ,4,12,,,,,,
8/30/2023,I ,F ,39,D ,LV1 ,4,10,,,,,,
8/30/2023,I ,F ,40,C ,LV3 ,7,2,,,,,,
8/30/2023,I ,F ,40,D ,YO7 ,2,12,,,,,,
8/30/2023,I ,F ,41,C ,WL2 ,6,4,1.5,2,Y,,,
8/30/2023,I ,F ,41,D ,YO7 ,6,18,,,,,,
8/30/2023,I ,F ,42,C ,CP3 ,4,4,2.7,1.7,Y ,has white fungi/ wilted,,
8/30/2023,I ,F ,42,D ,CP3 ,1,3,,,,,,
8/30/2023,I ,F ,43,C ,CC ,9,11,6.5,2.7,N ,,,
8/30/2023,I ,F ,43,D ,YO8 ,4,11,,,,,,
8/30/2023,I ,F ,44,C ,IH ,4,11,7.2,3.7,Y ,,,
8/30/2023,I ,F ,44,D ,LV1 ,5,10,,,,,,
8/30/2023,I ,F ,45,C ,BH ,2,11,6.5,3.9,Y ,,,
8/30/2023,I ,F ,45,D ,LVTR1 ,8,12,,,,,,
8/30/2023,I ,F ,46,C ,LV3 ,5,7,3.2,1.3,Y,,new location ,
8/30/2023,I ,F ,46,D ,NA ,NA ,NA ,,,,,no hole/not planted ,
8/30/2023,I ,F ,47,C ,YO8* ,buffer ,buffer ,,,,,,
8/30/2023,I ,F ,47,D ,YO8* ,buffer ,buffer ,,,,,,
8/30/2023,J ,G ,1,A ,NA ,NA ,NA ,,,,,no hole/not planted ,
8/30/2023,J ,G ,1,B ,NA ,NA ,NA ,,,,,no hole/not planted ,
8/30/2023,J ,G ,2,A ,TM2* ,buffer ,buffer ,,,,,,
8/30/2023,J ,G ,2,B ,TM2* ,buffer ,buffer ,,,,,,
8/30/2023,J ,G ,3,A ,YO7 ,6,8,3.9,3.7,Y ,,,
8/30/2023,J ,G ,3,B ,TM2 ,3,1,11.2,4,N ,,,
8/30/2023,J ,G ,4,A ,YO11 ,5,5,4.6,3.6,Y ,aphids ,,
8/30/2023,J ,G ,4,B ,YO11 ,7,5,,,,,,
8/30/2023,J ,G ,5,A ,IH ,3,12,,,,,,
8/30/2023,J ,G ,5,B ,IH ,4,12,5.7,6,Y ,,,
8/30/2023,J ,G ,6,A ,WL2 ,1,5,5.3,3.2,Y ,aphids ,,
8/30/2023,J ,G ,6,B ,YO4 ,2,13,6.3,2.7,N ,powdery mildew ,,
8/30/2023,J ,G ,7,A ,LVTR1 ,2,10,4.2,2.6,Y,powdery mildew ,,
8/30/2023,J ,G ,7,B ,YO4 ,5,2,,,,,,
8/30/2023,J ,G ,8,A ,YO7 ,6,15,2.6,2.4,Y ,powdery mildew ,,
8/30/2023,J ,G ,8,B ,SC ,2,24,,,,,,
8/30/2023,J ,G ,9,A ,BH ,1,12,6.4,4.8,Y,,,
8/30/2023,J ,G ,9,B ,YO8 ,3,8,,,,,,
8/30/2023,J ,G ,10,A ,SC ,8,12,6.2,5.5,Y ,,,
8/30/2023,J ,G ,10,B ,CP2 ,4,10,4.7,3.2,Y ,powdery mildew ,,
8/30/2023,J ,G ,11,A ,IH ,5,12,11.3,5.4,Y,,,
8/30/2023,J ,G ,11,B ,LV3 ,3,4,2.6,0.8,N ,,,
8/30/2023,J ,G ,12,A ,CC ,3,12,10.1,3,Y,,,
8/30/2023,J ,G ,12,B ,LV1 ,5,11,,,,,,
8/30/2023,J ,G ,13,A ,YO7 ,4,7,,,,,,
8/30/2023,J ,G ,13,B ,CP3 ,7,4,,,,,,
8/30/2023,J ,G ,14,A ,DPR ,3,4,10.3,3.7,Y,,,
8/30/2023,J ,G ,14,B ,YO11 ,1,5,,,,,,
8/30/2023,J ,G ,15,A ,BH ,3,12,6.3,4,Y,,,
8/30/2023,J ,G ,15,B ,YO8 ,5,12,5.1,1.7,Y,,,
8/30/2023,J ,G ,16,A ,CP2 ,5,10,2.1,2.9,Y,,,
8/30/2023,J ,G ,16,B ,LVTR1 ,5,10,,,,,,
8/30/2023,J ,G ,17,A ,CC ,9,12,12.3,5.4,Y ,,,
8/30/2023,J ,G ,17,B ,WL2 ,3,5,2.8,4,Y ,,,
8/30/2023,J ,G ,18,A ,LV1 ,4,11,,,,,,
8/30/2023,J ,G ,18,B ,BH ,7,12,6.6,3.2,N ,,,
8/30/2023,J ,G ,19,A ,YO7 ,5,18,3.6,3,Y ,,,
8/30/2023,J ,G ,19,B ,LVTR1 ,7,11,,,,,,
8/30/2023,J ,G ,20,A ,SQ2 ,4,11,,,,,,
8/30/2023,J ,G ,20,B ,YO8 ,6,12,,,,,,
8/30/2023,J ,G ,21,A ,SQ2 ,8,5,2.7,1.6,Y,,,
8/30/2023,J ,G ,21,B ,LVTR1 ,4,7,,,,,,
8/30/2023,J ,G ,22,A ,FR ,7,12,,,,,,
8/30/2023,J ,G ,22,B ,YO7 ,7,8,,,,,,
8/30/2023,J ,G ,23,A ,FR ,3,2,5.7,1.5,Y ,,,
8/30/2023,J ,G ,23,B ,LV3 ,5,8,4.2,2.1,N ,,,
8/30/2023,J ,G ,24,A ,CP2 ,3,10,,,,,,
8/30/2023,J ,G ,24,B ,SC ,5,12,,,,,,
8/30/2023,J ,G ,25,A ,DPR ,8,8,,,,,new location ,
8/30/2023,J ,G ,25,B ,BH ,2,12,7.1,2,Y ,,,
8/30/2023,J ,G ,26,A ,CP3* ,buffer,buffer ,,,,,,
8/30/2023,J ,G ,26,B ,YO8* ,buffer,buffer ,,,,,,
8/30/2023,K ,G ,27,A ,DPR ,4,5,,,,,,
8/30/2023,K ,G ,27,B ,FR ,7,13,,,,,,
8/30/2023,K ,G ,28,A ,SQ3 ,2,1,,,,,,
8/30/2023,K ,G ,28,B ,TM2 ,2,3,4.2,2.2,Y ,,,
8/30/2023,K ,G ,29,A ,YO4 ,1,12,,,,,,
8/30/2023,K ,G ,29,B ,SQ3 ,6,4,,,,,,
8/30/2023,K ,G ,30,A ,CC ,8,13,,,,,,
8/30/2023,K ,G ,30,B ,CP3 ,5,6,2.3,5,N ,powdery mildew ,,
8/30/2023,K ,G ,31,A ,BH ,7,13,8.4,4.1,Y ,,,
8/30/2023,K ,G ,31,B ,SC ,5,13,,,,,,
8/30/2023,K ,G ,32,A ,CP3 ,2,8,1.9,4.3,Y ,,,
8/30/2023,K ,G ,32,B ,YO11 ,5,6,,,,,,
8/30/2023,K ,G ,33,A ,YO8 ,3,9,,,,,,
8/30/2023,K ,G ,33,B ,WR ,2,15,,,,,,
8/30/2023,K ,G ,34,A ,WL2 ,3,6,3.2,3.8,Y ,,,
8/30/2023,K ,G ,34,B ,LV1 ,1,12,2.1,2.1,Y ,powdery mildew ,,
8/30/2023,K ,G ,35,A ,CC ,4,13,6.4,3.5,Y ,,,
8/30/2023,K ,G ,35,B ,CP2 ,3,11,2.1,5.3,Y,,,
8/30/2023,K ,G ,36,A ,CP3 ,7,11,,,,,,
8/30/2023,K ,G ,36,B ,CP3 ,4,6,2.8,3.5,N ,,,
8/30/2023,K ,G ,37,A ,YO7 ,7,9,2.6,3.4,Y,,,
8/30/2023,K ,G ,37,B ,BH ,1,13,3.7,4,Y,,,
8/30/2023,K ,G ,38,A ,LVTR1 ,2,11,2.1,1.8,Y ,powdery mildew ,,
8/30/2023,K ,G ,38,B ,DPR ,6,12,5.9,2.7,Y ,,,
8/30/2023,K ,G ,39,A ,TM2 ,7,17,16.7,2.5,N ,powdery mildew ,,
8/30/2023,K ,G ,39,B ,DPR ,8,14,7.3,3,Y ,,,
8/30/2023,K ,G ,40,A ,TM2 ,3,7,25,2.3,Y ,,,
8/30/2023,K ,G ,40,B ,SQ2 ,6,18,,,,,,
8/30/2023,K ,G ,41,A ,CP2 ,1,11,,,,,,
8/30/2023,K ,G ,41,B ,IH ,1,13,7.2,4.4,Y ,,,
8/30/2023,K ,G ,42,A ,YO11 ,4,5,,,,,,
8/30/2023,K ,G ,42,B ,LV1 ,5,12,2.7,2.1,Y ,powdery mildew ,,
8/30/2023,K ,G ,43,A ,IH ,6,13,6.3,4.3,Y ,,,
8/30/2023,K ,G ,43,B ,BH ,3,13,,,,,,
8/30/2023,K ,G ,44,A ,BH* ,buffer ,buffer ,,,,,,
8/30/2023,K ,G ,44,B ,BH* ,buffer ,buffer ,,,,,,
8/30/2023,K ,G ,45,A ,NA ,NA ,NA ,,,,,no hole/not planted ,
8/30/2023,K ,G ,45,B ,NA ,NA ,NA ,,,,,no hole/not planted ,
8/30/2023,J ,G ,1,C ,NA ,NA ,NA ,,,,,no hole/not planted ,
8/30/2023,J ,G ,1,D ,NA ,NA ,NA ,,,,,no hole/not planted ,
8/30/2023,J ,G ,2,C ,TM2* ,buffer ,buffer ,,,,,,
8/30/2023,J ,G ,2,D ,TM2* ,buffer ,buffer ,,,,,,
8/30/2023,J ,G ,3,C ,SQ1 ,2,3,4.2,2.6,Y ,,,
8/30/2023,J ,G ,3,D ,WL1 ,2,4,3.6,3.9,y ,powdery mildew ,,
8/30/2023,J ,G ,4,C ,CP3 ,5,5,2.9,4.8,Y ,powdery mildew ,,
8/30/2023,J ,G ,4,D ,YO4 ,3,12,3.7,2.5,y ,powdery mildew ,,
8/30/2023,J ,G ,5,C ,CP2 ,2,10,2.6,4.8,Y ,powdery mildew ,,
8/30/2023,J ,G ,5,D ,YO7 ,5,7,3.5,2.2,Y ,powdery milden ,,
8/30/2023,J ,G ,6,C ,BH ,5,12,8.2,5.3,y ,,,
8/30/2023,J ,G ,6,D ,IH ,2,12,4.6,3.1,Y ,,,
8/30/2023,J ,G ,7,C ,LV1 ,3,11,3,2.1,Y ,powdery mildew ,,
8/30/2023,J ,G ,7,D ,BH ,4,12,9.5,5.1,Y ,,,
8/30/2023,J ,G ,8,C ,DPR ,7,2,4.2,1.7,Y ,,,
8/30/2023,J ,G ,8,D ,CC ,4,12,10.1,5.1,Y ,,,
8/30/2023,J ,G ,9,C ,LV1 ,6,11,3.4,1.5,Y ,powdery mildew ,,
8/30/2023,J ,G ,9,D ,BH ,6,12,8,5.3,Y ,,,
8/30/2023,J ,G ,10,C ,CC ,8,12,7.2,2.8,y ,,,
8/30/2023,J ,G ,10,D ,WL2 ,6,5,,,,,,
8/30/2023,J ,G ,11,C ,WL2 ,2,5,5.6,2.7,Y ,,,
8/30/2023,J ,G ,11,D ,WV ,3,2,,,,,,
8/30/2023,J ,G ,12,C ,SQ2 ,6,5,1.4,3.6,Y ,,,
8/30/2023,J ,G ,12,D ,CC ,5,12,10.5,3.5,Y ,,,
8/30/2023,J ,G ,13,C ,SQ2 ,1,3,5.8,5.1,Y ,,,
8/30/2023,J ,G ,13,D ,YO8 ,2,8,7.8,4,Y ,powdery mildew ,,
8/30/2023,J ,G ,14,C ,SC ,2,12,2.8,2.5,Y ,,,
8/30/2023,J ,G ,14,D ,SQ1 ,14,1,2.1,2.9,Y ,powdery mildew ,,
8/30/2023,J ,G ,15,C ,DPR ,6,11,8.1,2.7,Y ,,,
8/30/2023,J ,G ,15,D ,YO8 ,4,1,3.3,3.4,y ,powdery mildew ,,
8/30/2023,J ,G ,16,C ,TM2 ,5,5,9.3,4,N ,,,
8/30/2023,J ,G ,16,D ,TM2 ,3,5,,,,,,
8/30/2023,J ,G ,17,C ,CP3 ,1,4,3,4.4,Y ,powdery mildew ,,
8/30/2023,J ,G ,17,D ,CP3 ,6,5,1.9,3.5,Y ,,,
8/30/2023,J ,G ,18,C ,SQ3 ,7,5,,,,,,
8/30/2023,J ,G ,18,D ,IH ,6,12,,,,,,
8/30/2023,J ,G ,19,C ,WL2 ,5,5,,,,,,
8/30/2023,J ,G ,19,D ,YO11 ,8,5,,,,,,
8/30/2023,J ,G ,20,C ,SC ,4,12,,,,,,
8/30/2023,J ,G ,20,D ,SQ3 ,1,4,,,,,,
8/30/2023,J ,G ,21,C ,SQ3 ,3,7,1.8,4.2,Y ,,,
8/30/2023,J ,G ,21,D ,CP3 ,4,5,,,,,,
8/30/2023,J ,G ,22,C ,LVTR1 ,8,13,,,,,,
8/30/2023,J ,G ,22,D ,NA ,NA ,NA ,,,,,no hole/not planted ,
8/30/2023,J ,G ,23,C ,NA ,NA ,NA ,,,,,no hole/not planted ,
8/30/2023,J ,G ,23,D ,NA ,NA ,NA ,,,,,no hole/not planted ,
8/30/2023,J ,G ,24,C ,CP2 ,1,10,,,,,,
8/30/2023,J ,G ,24,D ,LV1 ,2,11,,,,,,
8/30/2023,J ,G ,25,C ,WL2 ,7,5,,,,,new location ,
8/30/2023,J ,G ,25,D ,LVTR1 ,6,10,,,,,new location ,
8/30/2023,J ,G ,26,C ,LV1* ,buffer,buffer ,,,,,,
8/30/2023,J ,G ,26,D ,LV1* ,buffer,buffer ,,,,,,
8/30/2023,K ,G ,27,C ,YO7 ,6,9,2.5,2.3,Y ,,,
8/30/2023,K ,G ,27,D ,BH ,5,13,,,,,,
8/30/2023,K ,G ,28,C ,SC ,2,13,,,,,,
8/30/2023,K ,G ,28,D ,FR ,5,8,,,,,,
8/30/2023,K ,G ,29,C ,DPR ,1,5,,,,,,
8/30/2023,K ,G ,29,D ,LV1 ,4,12,,,,,,
8/30/2023,K ,G ,30,C ,YO11 ,6,6,,,,,,
8/30/2023,K ,G ,30,D ,CP2 ,5,11,,,,,,
8/30/2023,K ,G ,31,C ,TM2 ,7,5,24.5,2.6,Y ,,,
8/30/2023,K ,G ,31,D ,LVTR1 ,7,13,,,,,,
8/30/2023,K ,G ,32,C ,CC ,2,13,8.2,3,Y ,,,
8/30/2023,K ,G ,32,D ,WL2 ,7,6,4.6,3.7,Y ,,,
8/30/2023,K ,G ,33,C ,CP3 ,3,6,,,,,,
8/30/2023,K ,G ,33,D ,YO8 ,2,9,,,,,,
8/30/2023,K ,G ,34,C ,WL2 ,5,6,,,,,,
8/30/2023,K ,G ,34,D ,YO8 ,8,13,,,,,,
8/30/2023,K ,G ,35,C ,LV3 ,5,9,- ,,,,,
8/30/2023,K ,G ,35,D ,SC ,4,13,3.6,4.5,Y ,,,
8/30/2023,K ,G ,36,C ,LV1 ,3,12,,,,,,
8/30/2023,K ,G ,36,D ,SQ2 ,1,6,4,3.4,Y ,,,
8/30/2023,K ,G ,37,C ,SQ3 ,6,11,,,,,,
8/30/2023,K ,G ,37,D ,IH ,7,13,7.2,4.8,Y ,,,
8/30/2023,K ,G ,38,C ,CC ,9,13,,,,,,
8/30/2023,K ,G ,38,D ,LVTR1 ,5,5,,,,,,
8/30/2023,K ,G ,39,C ,DPR ,3,5,,,,,7/19 stem broken ,
8/30/2023,K ,G ,39,D ,CP2 ,7,5,,,,,,
8/30/2023,K ,G ,40,C ,BH ,2,13,3.5,3.3,Y ,,,
8/30/2023,K ,G ,40,D ,SQ2 ,6,6,2.5,3.4,Y ,,,
8/30/2023,K ,G ,41,C ,WL1 ,3,10,2,3.9,Y ,,,
8/30/2023,K ,G ,41,D ,YO8 ,1,9,4.4,3.1,N ,,,
8/30/2023,K ,G ,42,C ,SC ,2,27,1.5,2.6,Y ,,,
8/30/2023,K ,G ,42,D ,LVTR1 ,7,17,,,,,,
8/30/2023,K ,G ,43,C ,YO11 ,8,6,2.6,2.2,Y ,,,
8/30/2023,K ,G ,43,D ,WL1 ,9,2,3.6,4.8,Y ,powdery mildew ,,
8/30/2023,K ,G ,44,C ,BH* ,buffer ,buffer ,,,,,,
8/30/2023,K ,G ,44,D ,BH* ,buffer ,buffer ,,,,,,
8/30/2023,K ,G ,45,C ,NA ,NA ,NA ,,,,,no hole/not planted ,
8/30/2023,K ,G ,45,D ,NA ,NA ,NA ,,,,,end of bed ,
8/30/2023,L ,H ,1,A ,BH* ,buffer ,buffer ,,,,,end of bed ,
8/30/2023,L ,H ,1,B ,DPR ,8,10,6.1,4.1,N ,,new location ,
8/30/2023,L ,H ,2,A ,LV1 ,5,13,,,,,new location ,
8/30/2023,L ,H ,2,B ,WL2 ,5,7,,,,,new location ,
8/30/2023,L ,H ,3,A ,CP2 ,6,13,4.6,3,Y ,,,
8/30/2023,L ,H ,3,B ,CC ,8,1,,,,,,
8/30/2023,L ,H ,4,A ,BH ,6,1,6.1,4.1,Y,,,
8/30/2023,L ,H ,4,B ,SQ3 ,4,4,,,,,,
8/30/2023,L ,H ,5,A ,SC ,4,1,4.3,4.2,Y ,,,
8/30/2023,L ,H ,5,B ,CP3 ,3,7,,,,,,
8/30/2023,L ,H ,6,A ,YO7 ,7,10,1.5,2.6,Y ,,,
8/30/2023,L ,H ,6,B ,SC ,2,26,4,3.4,Y ,,,
8/30/2023,L ,H ,7,A ,IH ,6,1,8.8,4.4,Y ,,,
8/30/2023,L ,H ,7,B ,NA ,NA ,NA ,,,,,no hole/not planted ,
8/30/2023,L ,H ,8,A ,CP2 ,5,12,3.9,3.9,Y ,,,
8/30/2023,L ,H ,8,B ,YO8 ,5,14,3.6,4.5,Y ,,,
8/30/2023,L ,H ,9,A ,NA ,NA ,NA ,,,,,no hole/not planted ,
8/30/2023,L ,H ,9,B ,WL2 ,8,7,4.2,2.6,Y ,,,
8/30/2023,L ,H ,10,A ,NA ,NA ,NA ,,,,,no hole/not planted ,
8/30/2023,L ,H ,10,B ,CP3 ,2,11,2.8,3.7,Y ,,,
8/30/2023,L ,H ,11,A ,NA ,NA ,NA ,,,,,no hole/not planted ,
8/30/2023,L ,H ,11,B ,IH ,2,1,8,6.1,Y ,,,
8/30/2023,L ,H ,12,A ,NA ,NA ,NA ,,,,,no hole/not planted ,
8/30/2023,L ,H ,12,B ,SC ,2,1,3.6,2.6,N ,,,
8/30/2023,L ,H ,13,A ,TM2 ,2,6,8.1,3.2,N ,,,
8/30/2023,L ,H ,13,B ,DPR ,6,13,3.7,3.8,Y ,,,
8/30/2023,L ,H ,14,A ,NA ,NA ,NA ,,,,,no hole/not planted ,
8/30/2023,L ,H ,14,B ,NA ,NA ,NA ,,,,,no hole/not planted ,
8/30/2023,L ,H ,15,A ,NA ,NA ,NA ,,,,,no hole/not planted ,
8/30/2023,L ,H ,15,B ,SQ3 ,3,5,1.6,3.2,Y ,,,
8/30/2023,L ,H ,16,A ,NA ,NA ,NA ,,,,,no hole/not planted ,
8/30/2023,L ,H ,16,B ,NA ,NA ,NA ,,,,,no hole/not planted ,
8/30/2023,L ,H ,17,A ,CP3 ,3,15,,,,,,
8/30/2023,L ,H ,17,B ,CC ,1,1,9.6,4.6,Y ,,,
8/30/2023,K ,H ,18,A ,FR ,6,9,2.6,2.5,Y,,new location ,
8/30/2023,K ,H ,18,B ,YO8 ,2,10,0.8,2.3,Y ,,new location ,
8/30/2023,K ,H ,19,A ,LV3 ,7,4,1.8,1.2,Y ,,new location ,
8/30/2023,K ,H ,19,B ,YO8 ,6,13,,,,,,
8/30/2023,K ,H ,20,A ,LV1 ,8,12,,,,,,
8/30/2023,K ,H ,20,B ,BH ,4,13,,,,,,
8/30/2023,K ,H ,21,A ,YO8 ,4,3,,,,,,
8/30/2023,K ,H ,21,B ,TM2 ,1,12,19.8,3,N ,,,
8/30/2023,K ,H ,22,A ,FR ,6,4,,,,,,
8/30/2023,K ,H ,22,B ,LV3 ,7,3,,,,,,
8/30/2023,K ,H ,23,A ,YO4 ,5,3,3.2,3.6,Y,,,
8/30/2023,K ,H ,23,B ,WL2 ,8,6,,,,,,
8/30/2023,K ,H ,24,A ,CP2 ,4,11,,,,,,
8/30/2023,K ,H ,24,B ,CP2 ,4,14,4.1,3.7,Y,,,
8/30/2023,K ,H ,25,A ,YO7 ,3,3,,,,,,
8/30/2023,K ,H ,25,B ,SC ,4,14,6.2,4,Y ,,,
8/30/2023,K ,H ,26,A ,CP3 ,1,5,,,,,,
8/30/2023,K ,H ,26,B ,YO7 ,7,21,,,,,,
8/30/2023,K ,H ,27,A ,TM2 ,6,10,18.3,1.2,N ,,,
8/30/2023,K ,H ,27,B ,WL2 ,1,6,,,,,,
8/30/2023,K ,H ,28,A ,CP3 ,6,6,3.1,3.5,N ,,,
8/30/2023,K ,H ,28,B ,WL2 ,6,6,,,,,,
8/30/2023,K ,H ,29,A ,WL1 ,7,2,4.3,2.8,N ,,,
8/30/2023,K ,H ,29,B ,YO11 ,6,16,,,,,,
8/30/2023,K ,H ,30,A ,LVTR1 ,4,5,,,,,,
8/30/2023,K ,H ,30,B ,IH ,3,13,,,,,,
8/30/2023,K ,H ,31,A ,YO7 ,4,11,2.2,2,Y ,,,
8/30/2023,K ,H ,31,B ,FR ,4,12,,,,,,
8/30/2023,K ,H ,32,A ,BH ,6,13,,,,,,
8/30/2023,K ,H ,32,B ,CC ,5,13,9.5,3.4,Y ,,,
8/30/2023,K ,H ,33,A ,CP3 ,1,6,,,,,new location ,
8/30/2023,K ,H ,33,B ,YO8 ,6,1,,,,,new location ,
8/30/2023,K ,H ,34,A ,WL2 ,2,7,2.8,3.7,Y ,,new location ,
8/30/2023,K ,H ,34,B ,BH* ,buffer ,buffer ,,,,,,
8/30/2023,L ,H ,1,C ,NA ,NA ,NA ,,,,,no hole/not planted ,
8/30/2023,L ,H ,1,D ,LV3 ,5,10,,,,,new location ,
8/30/2023,L ,H ,2,C ,BH* ,buffer ,buffer ,,,,,,
8/30/2023,L ,H ,2,D ,NA ,NA ,NA ,,,,,no hole/not planted ,
8/30/2023,L ,H ,3,C ,YO7 ,7,15,2.3,2.5,N ,,,
8/30/2023,L ,H ,3,D ,YO7 ,5,9,3.1,2.9,Y ,,,
8/30/2023,L ,H ,4,C ,NA ,NA ,NA ,,,,,no hole/not planted ,
8/30/2023,L ,H ,4,D ,LVTR1 ,8,25,,,,,,
8/30/2023,L ,H ,5,C ,NA ,NA ,NA ,,,,,no hole/not planted ,
8/30/2023,L ,H ,5,D ,YO8 ,1,10,,,,,new location ,
8/30/2023,L ,H ,6,C ,TM2 ,5,11,19,2.6,Y,,,
8/30/2023,L ,H ,6,D ,CP2 ,7,6,,,,,,
8/30/2023,L ,H ,7,C ,NA ,NA ,NA ,,,,,no hole/not planted ,
8/30/2023,L ,H ,7,D ,CC ,5,1,,,,,,
8/30/2023,L ,H ,8,C ,DPR ,3,6,,,,,,
8/30/2023,L ,H ,8,D ,YO4 ,2,14,,,,,,
8/30/2023,L ,H ,9,C ,YO11 ,8,7,,,,,,
8/30/2023,L ,H ,9,D ,SQ3 ,7,7,,,,,,
8/30/2023,L ,H ,10,C ,YO8 ,8,1,5,2.8,N ,,,
8/30/2023,L ,H ,10,D ,SQ2 ,4,6,,,,,,
8/30/2023,L ,H ,11,C ,IH ,4,1,10.5,4.4,Y ,,,
8/30/2023,L ,H ,11,D ,NA ,NA ,NA ,,,,,no hole/not planted ,
8/30/2023,L ,H ,12,C ,YO7 ,4,1,1.6,1.7,N ,,,
8/30/2023,L ,H ,12,D ,NA ,NA ,NA ,,,,,no hole/not planted ,
8/30/2023,L ,H ,13,C ,WL1 ,7,3,2.4,2.5,N ,,,
8/30/2023,L ,H ,13,D ,NA ,NA ,NA ,,,,,no hole/not planted ,
8/30/2023,L ,H ,14,C ,NA ,NA ,NA ,,,,,no hole/not planted ,
8/30/2023,L ,H ,14,D ,WR ,2,21,,,,,,
8/30/2023,L ,H ,15,C ,CC ,3,1,,,,,,
8/30/2023,L ,H ,15,D ,CP2 ,1,12,1.5,2.7,Y,,,
8/30/2023,L ,H ,16,C ,NA ,NA ,NA ,,,,,no hole/not planted ,
8/30/2023,L ,H ,16,D ,SC ,8,1,3.2,3.8,N ,,,
8/30/2023,L ,H ,17,C ,NA ,NA ,NA ,,,,,no hole/not planted ,
8/30/2023,L ,H ,17,D ,YO7 ,7,26,,,,,,
8/30/2023,K ,H ,18,C ,WL2 ,3,7,,,,,new location ,
8/30/2023,K ,H ,18,D ,LVTR1 ,2,12,,,,,new location ,
8/30/2023,K ,H ,19,C ,SC ,6,1,,,,,new location ,
8/30/2023,K ,H ,19,D ,SQ1 ,3,6,,,,,,
8/30/2023,K ,H ,20,C ,SQ2 ,8,6,,,,,,
8/30/2023,K ,H ,20,D ,CP2 ,2,11,2.3,3.2,N ,,,
8/30/2023,K ,H ,21,C ,CC ,3,13,10.6,3.9,Y ,,,
8/30/2023,K ,H ,21,D ,YO11 ,7,6,1.2,3.7,N ,,,
8/30/2023,K ,H ,22,C ,LV1 ,6,12,,,,,,
8/30/2023,K ,H ,22,D ,YO4 ,2,1,3,2.9,Y ,,,
8/30/2023,K ,H ,23,C ,WL1 ,7,19,,,,,,
8/30/2023,K ,H ,23,D ,LVTR1 ,6,11,1.3,0.7,N ,,,
8/30/2023,K ,H ,24,C ,CC ,1,13,,,,,,
8/30/2023,K ,H ,24,D ,SC ,6,13,2.9,2,N ,,,
8/30/2023,K ,H ,25,C ,LV1 ,2,12,,,,,,
8/30/2023,K ,H ,25,D ,YO11 ,1,6,3.2,2.1,Y ,,,
8/30/2023,K ,H ,26,C ,DPR ,8,9,7.3,3.6,N ,,,
8/30/2023,K ,H ,26,D ,YO7 ,5,8,,,,,,
8/30/2023,K ,H ,27,C ,WL2 ,2,6,,,,,,
8/30/2023,K ,H ,27,D ,TM2 ,5,7,,,,,,
8/30/2023,K ,H ,28,C ,YO8 ,5,13,,,,,,
8/30/2023,K ,H ,28,D ,SQ1 ,14,11,4.6,5.4,Y,,,
8/30/2023,K ,H ,29,C ,YO7 ,4,8,,,,,,
8/30/2023,K ,H ,29,D ,SC ,8,13,,,,,,
8/30/2023,K ,H ,30,C ,DPR ,5,5,,,,,,
8/30/2023,K ,H ,30,D ,IH ,4,13,,,,,,
8/30/2023,K ,H ,31,C ,IH ,5,13,9.3,6.6,Y,,,
8/30/2023,K ,H ,31,D ,SQ2 ,6,21,,,,,,
8/30/2023,K ,H ,32,C ,SQ1 ,5,2,,,,,,
8/30/2023,K ,H ,32,D ,IH ,2,13,,,,,,
8/30/2023,K ,H ,33,C ,CP2 ,3,12,,,,,new location ,
8/30/2023,K ,H ,33,D ,SQ2 ,13,9,,,,,new location ,
8/30/2023,K ,H ,34,C ,LVTR1 ,6,12,,,,,new location ,
8/30/2023,K ,H ,34,D ,BH* ,buffer ,buffer ,,,,,,
8/30/2023,L ,I ,1,A ,NA ,NA ,NA ,,,,,no hole/not planted ,
8/30/2023,L ,I ,1,B ,BH* ,buffer ,buffer ,,,,,,
8/30/2023,L ,I ,2,A ,BH* ,buffer ,buffer ,,,,,,
8/30/2023,L ,I ,2,B ,LV1 ,6,13,,,,Dead ,new location ,
8/30/2023,L ,I ,3,A ,NA ,NA ,NA ,,,,,no hole/not planted ,
8/30/2023,L ,I ,3,B ,CP3 ,5,7,2.2,4.3,N ,,,
8/30/2023,L ,I ,4,A ,SQ2 ,6,7,,,,Dead ,,
8/30/2023,L ,I ,4,B ,YO8 ,3,10,,,,,,
8/30/2023,L ,I ,5,A ,WL1 ,3,8,,,,,,
8/30/2023,L ,I ,5,B ,YO7 ,6,10,,,,,,
8/30/2023,L ,I ,6,A ,FR ,5,5,,,,,,
8/30/2023,L ,I ,6,B ,BH ,7,1,,,,,,
8/30/2023,L ,I ,7,A ,YO11 ,6,7,4.6,2.8,N ,,,
8/30/2023,L ,I ,7,B ,DPR ,4,6,5,3,N ,,,
8/30/2023,L ,I ,8,A ,WL1 ,7,16,,,,Dead ,,
8/30/2023,L ,I ,8,B ,CC ,9,1,8.7,3,Y ,,,
8/30/2023,L ,I ,9,A ,WL2 ,7,7,4.6,4.1,Y ,,,
8/30/2023,L ,I ,9,B ,SQ2 ,8,7,,,,Dead ,,
8/30/2023,L ,I ,10,A ,CP2 ,4,12,3.2,3.8,Y,,,
8/30/2023,L ,I ,10,B ,CC ,4,1,10.8,4.2,Y ,,,
8/30/2023,L ,I ,11,A ,DPR ,5,9,,,,Dead ,,
8/30/2023,L ,I ,11,B ,LVTR1 ,3,7,,,,Dead ,,
8/30/2023,L ,I ,12,A ,IH ,1,1,8.7,6,Y ,,,
8/30/2023,L ,I ,12,B ,IH ,7,1,5.3,4.7,Y ,,,
8/30/2023,L ,I ,13,A ,YO11 ,4,10,,,,Dead ,,
8/30/2023,L ,I ,13,B ,LV1 ,3,13,,,,,,
8/30/2023,L ,I ,14,A ,LV1 ,1,13,,,,,,
8/30/2023,L ,I ,14,B ,TM2 ,1,13,,,,,,
8/30/2023,L ,I ,15,A ,BH ,5,1,,,,,7/19 stem broken ,
8/30/2023,L ,I ,15,B ,FR ,4,13,,,,,,
8/30/2023,L ,I ,16,A ,SQ1 ,2,11,,,,,,
8/30/2023,L ,I ,16,B ,BH ,2,1,7.1,4.4,N ,,,
8/30/2023,L ,I ,17,A ,YO8 ,5,1,3.5,3.9,Y,,,
8/30/2023,L ,I ,17,B ,LV1 ,2,13,,,,Dead ,,
8/30/2023,L ,I ,18,A ,BH ,1,1,4.9,4.3,N ,,new location ,
8/30/2023,L ,I ,18,B ,TM2 ,6,9,,,,Dead ,new location ,
8/30/2023,M ,I ,19,A ,YO11 ,7,8,3.3,2.6,N ,,,
8/30/2023,M ,I ,19,B ,WL2 ,1,8,,,,Dead ,,
8/30/2023,M ,I ,20,A ,SQ2 ,1,7,,,,,,
8/30/2023,M ,I ,20,B ,YO7 ,5,19,,,,,,
8/30/2023,M ,I ,21,A ,DPR ,8,17,11.3,0.7,Y ,,,
8/30/2023,M ,I ,21,B ,WL1 ,7,21,3.2,2.7,Y ,,,
8/30/2023,M ,I ,22,A ,LV1 ,3,1,,,,Dead ,,
8/30/2023,M ,I ,22,B ,CP2 ,3,13,3,4.3,Y ,,,
8/30/2023,M ,I ,23,A ,BH* ,buffer ,buffer ,,,,,,
8/30/2023,M ,I ,23,B ,BH* ,buffer ,buffer ,,,,,,
8/30/2023,M ,I ,24,A ,NA ,NA ,NA ,,,,,no hole/not planted ,
8/30/2023,M ,I ,24,B ,NA ,NA ,NA ,,,,,no hole/not planted ,
8/30/2023,L ,I ,1,C ,NA ,NA ,NA ,,,,,no hole/not planted ,
8/30/2023,L ,I ,1,D ,BH* ,buffer ,buffer ,,,,,,
8/30/2023,L ,I ,2,C ,BH* ,buffer ,buffer ,,,,,,
8/30/2023,L ,I ,2,D ,WL2 ,1,7,,,,,new location ,
8/30/2023,L ,I ,3,C ,YO11 ,1,7,1.9,3.2,N ,,,
8/30/2023,L ,I ,3,D ,BH ,4,1,4.7,4.6,N ,,,
8/30/2023,L ,I ,4,C ,NA ,NA ,NA ,,,,,no hole/not planted ,
8/30/2023,L ,I ,4,D ,SC ,4,16,,,,,,
8/30/2023,L ,I ,5,C ,LVTR1 ,4,12,3.2,1.7,N ,,,
8/30/2023,L ,I ,5,D ,NA ,NA ,NA ,,,,,no hole/not planted ,
8/30/2023,L ,I ,6,C ,YO11 ,7,7,1.1,2.4,Y ,,,
8/30/2023,L ,I ,6,D ,LV1 ,4,13,,,,,,
8/30/2023,L ,I ,7,C ,DPR ,1,6,,,,,,
8/30/2023,L ,I ,7,D ,BH ,3,1,,,,,,
8/30/2023,L ,I ,8,C ,IH ,3,1,,,,,,
8/30/2023,L ,I ,8,D ,LVTR1 ,8,18,,,,,,
8/30/2023,L ,I ,9,C ,DPR ,6,20,6.1,2.9,Y ,,,
8/30/2023,L ,I ,9,D ,YO11 ,8,15,,,,,,
8/30/2023,L ,I ,10,C ,CP3 ,6,7,,,,,,
8/30/2023,L ,I ,10,D ,YO4 ,4,1,,,,,,
8/30/2023,L ,I ,11,C ,LV1 ,8,13,,,,,,
8/30/2023,L ,I ,11,D ,FR ,7,1,3.6,3.2,Y,,,
8/30/2023,L ,I ,12,C ,SC ,5,1,,,,,,
8/30/2023,L ,I ,12,D ,YO11 ,5,7,,,,,,
8/30/2023,L ,I ,13,C ,WL1 ,9,1,4.3,3.3,Y,,,
8/30/2023,L ,I ,13,D ,CP3 ,4,7,,,,,,
8/30/2023,L ,I ,14,C ,TM2 ,3,8,,,,,,
8/30/2023,L ,I ,14,D ,TM2 ,7,6,,,,,,
8/30/2023,L ,I ,15,C ,LVTR1 ,8,1,,,,,,
8/30/2023,L ,I ,15,D ,IH ,5,1,,,,,,
8/30/2023,L ,I ,16,C ,YO7 ,2,10,,,,,,
8/30/2023,L ,I ,16,D ,CP2 ,2,12,,,,,,
8/30/2023,L ,I ,17,C ,CC ,2,1,,,,,,
8/30/2023,L ,I ,17,D ,WL2 ,6,7,,,,,,
8/30/2023,L ,I ,18,C ,YO4 ,2,2,,,,,new location ,
8/30/2023,L ,I ,18,D ,NA ,NA ,NA ,,,,,no hole/not planted ,
8/30/2023,M ,I ,19,C ,SC ,2,22,,,,,,
8/30/2023,M ,I ,19,D ,YO7 ,6,11,,,,,,
8/30/2023,M ,I ,20,C ,CP3 ,2,5,,,,,,
8/30/2023,M ,I ,20,D ,IH ,2,2,,,,,,
8/30/2023,M ,I ,21,C ,CP2 ,5,13,,,,,,
8/30/2023,M ,I ,21,D ,WL2 ,6,8,,,,,,
8/30/2023,M ,I ,22,C ,BH ,1,2,,,,,,
8/30/2023,M ,I ,22,D ,CC ,4,2,,,,,,
8/30/2023,M ,I ,23,C ,BH* ,buffer ,buffer ,,,,,,
8/30/2023,M ,I ,23,D ,BH* ,buffer ,buffer ,,,,,,
8/30/2023,M ,I ,24,C ,NA ,NA ,NA ,,,,,no hole/not planted ,
8/30/2023,M ,I ,24,D ,NA ,NA ,NA ,,,,,end of bed ,
8/30/2023,M ,J ,1,A ,NA ,NA ,NA ,,,,,no hole/not planted ,
8/30/2023,M ,J ,1,B ,NA ,NA ,NA ,,,,,no hole/not planted ,
8/30/2023,M ,J ,2,A ,IH* ,buffer,buffer ,,,,,,
8/30/2023,M ,J ,2,B ,LV1* ,buffer ,buffer ,,,,,,
8/30/2023,M ,J ,3,A ,CP2 ,7,14,1.2,3.3,Y ,,,
8/30/2023,M ,J ,3,B ,CP3 ,5,8,2.7,3.6,Y ,,,
8/30/2023,M ,J ,4,A ,YO7 ,3,8,1.7,2.2,N ,,,
8/30/2023,M ,J ,4,B ,DPR ,3,7,,,,,,
8/30/2023,M ,J ,5,A ,TM2 ,2,11,16.1,1,N ,,,
8/30/2023,M ,J ,5,B ,IH ,3,2,,,,,,
8/30/2023,M ,J ,6,A ,LV1 ,2,1,1.5,1.3,Y ,,,
8/30/2023,M ,J ,6,B ,SC ,5,2,2.8,2.3,N ,,,
8/30/2023,M ,J ,7,A ,SQ2 ,8,8,,,,,,
8/30/2023,M ,J ,7,B ,BH ,2,2,6.1,3.8,N ,,,
8/30/2023,M ,J ,8,A ,BH ,5,2,5.5,4,N ,,,
8/30/2023,M ,J ,8,B ,WL1 ,2,13,,,,,,
8/30/2023,M ,J ,9,A ,FR ,7,2,,,,,,
8/30/2023,M ,J ,9,B ,CP3 ,1,7,,,,,,
8/30/2023,M ,J ,10,A ,BH ,4,2,5.5,4.3,N ,,,
8/30/2023,M ,J ,10,B ,DPR ,4,7,7.2,2.7,N ,,,
8/30/2023,M ,J ,11,A ,LV1 ,4,1,2.5,1.9,N ,,,
8/30/2023,M ,J ,11,B ,CP2 ,1,13,,,,,,
8/30/2023,M ,J ,12,A ,SQ2 ,6,15,1.8,2.7,Y ,,,
8/30/2023,M ,J ,12,B ,WL1 ,9,9,2.7,3.8,N ,,,
8/30/2023,M ,J ,13,A ,CP2 ,7,7,4.2,3.3,Y,,,
8/30/2023,M ,J ,13,B ,LVTR1 ,3,2,,,,,,
8/30/2023,M ,J ,14,A ,LVTR1 ,2,13,,,,,,
8/30/2023,M ,J ,14,B ,WL2 ,5,8,1.8,1.9,Y ,,,
8/30/2023,M ,J ,15,A ,YO7 ,7,11,1.4,1.9,N ,,,
8/30/2023,M ,J ,15,B ,LV3 ,7,7,2.6,1.3,N ,,,
8/30/2023,M ,J ,16,A ,CP3 ,4,8,,,,,,
8/30/2023,M ,J ,16,B ,SC ,2,2,4.5,3.4,Y,,,
8/30/2023,M ,J ,17,A ,YO8 ,1,11,,,,,,
8/30/2023,M ,J ,17,B ,TM2 ,5,12,8.2,2.8,N ,,,
8/30/2023,M ,J ,18,A ,DPR ,1,7,,,,,,
8/30/2023,M ,J ,18,B ,SC ,8,2,4.6,4.1,Y,,,
8/30/2023,M ,J ,19,A ,NA ,NA ,NA ,,,,,no hole/not planted ,
8/30/2023,M ,J ,19,B ,CP3* ,buffer,buffer ,,,,,,
8/30/2023,M ,J ,20,A ,NA ,NA ,NA ,,,,,no hole/not planted ,
8/30/2023,M ,J ,20,B ,NA ,NA ,NA ,,,,,no hote/not planted ,
8/30/2023,M ,J ,1,C ,NA ,NA ,NA ,,,,,no hole/not planted ,
8/30/2023,M ,J ,1,D ,NA ,NA ,NA ,,,,,no hole/not planted ,
8/30/2023,M ,J ,2,C ,CP2* ,buffer ,buffer ,,,,,,
8/30/2023,M ,J ,2,D ,IH* ,buffer ,buffer ,,,,,,
8/30/2023,M ,J ,3,C ,SQ3 ,2,12,,,,Dead ,,
8/30/2023,M ,J ,3,D ,CC ,8,2,6.3,3.9,Y ,,,
8/30/2023,M ,J ,4,C ,FR ,2,10,4.7,1.6,N ,,,
8/30/2023,M ,J ,4,D ,TM2 ,7,7,26.3,2.3,N ,,,
8/30/2023,M ,J ,5,C ,YO4 ,3,4,8.1,3.2,N ,,,
8/30/2023,M ,J ,5,D ,SQ3 ,6,13,1.6,3.3,Y,,,
8/30/2023,M ,J ,6,C ,CC ,2,2,10.9,4.4,Y ,,,
8/30/2023,M ,J ,6,D ,YO8 ,8,2,4.1,3.2,Y ,,,
8/30/2023,M ,J ,7,C ,YO7 ,6,16,,,,Dead ,,
8/30/2023,M ,J ,7,D ,YO7 ,5,10,3.6,3.2,N ,,,
8/30/2023,M ,J ,8,C ,NA ,NA ,NA ,,,,,7/19 dead ,
8/30/2023,M ,J ,8,D ,YO11 ,6,8,1.7,2.9,Y ,,,
8/30/2023,M ,J ,9,C ,CP2 ,4,13,1.8,2.5,Y ,,,
8/30/2023,M ,J ,9,D ,FR ,4,1,5.6,3.3,Y ,,,
8/30/2023,M ,J ,10,C ,SQ1 ,14,3,1.7,3.7,Y ,,,
8/30/2023,M ,J ,10,D ,TM2 ,3,10,,,,Dead ,,
8/30/2023,M ,J ,11,C ,YO11 ,1,8,3.3,2.9,Y ,,,
8/30/2023,M ,J ,11,D ,IH ,5,2,14.3,6.5,Y ,,,
8/30/2023,M ,J ,12,C ,LV1 ,6,1,2.5,2.3,N ,,,
8/30/2023,M ,J ,12,D ,LVTR1 ,8,3,2.5,2.1,N ,,,
8/30/2023,M ,J ,13,C ,BH ,6,2,3.2,3.8,N ,,,
8/30/2023,M ,J ,13,D ,WL2 ,3,8,2.8,2.7,Y ,,,
8/30/2023,M ,J ,14,C ,YO8 ,5,2,4.2,2.5,N ,,,
8/30/2023,M ,J ,14,D ,YO8 ,6,2,4.2,3.6,Y ,,,
8/30/2023,M ,J ,15,C ,LV1 ,5,1,,,,Dead ,,
8/30/2023,M ,J ,15,D ,DPR ,5,3,,,,Dead ,,
8/30/2023,M ,J ,16,C ,BH ,7,2,5.6,4.4,Y ,,,
8/30/2023,M ,J ,16,D ,WL2 ,8,8,5.8,2.3,N ,,,
8/30/2023,M ,J ,17,C ,LV1 ,1,1,1.7,1.5,N ,,,
8/30/2023,M ,J ,17,D ,LV1 ,8,1,2.8,2.1,N ,,,
8/30/2023,M ,J ,18,C ,IH ,4,2,11.8,4.2,N ,,,
8/30/2023,M ,J ,18,D ,YO8 ,2,11,4.7,3.6,Y ,,,
8/30/2023,M ,J ,19,C ,WL2* ,buffer ,buffer ,,,,,,
8/30/2023,M ,J ,19,D ,BH* ,buffer ,buffer ,,,,,,
8/30/2023,M ,J ,20,C ,NA ,NA ,NA ,,,,,no hole/not planted ,
8/30/2023,M ,J ,20,D ,NA ,NA ,NA ,,,,,no hole/not planted ,
8/30/2023,M ,K ,1,A ,NA ,NA ,NA ,,,,,no hole/not planted ,
8/30/2023,M ,K ,1,B ,NA ,NA ,NA ,,,,,no hole/not planted ,
8/30/2023,M ,K ,2,A ,CP2 ,7,16,2.9,3.7,Y ,,new location ,
8/30/2023,M ,K ,2,B ,IH ,4,14,8.9,4.7,Y ,,new location ,
8/30/2023,M ,K ,3,A ,LVTR1 ,6,13,1.8,0.9,N ,,,
8/30/2023,M ,K ,3,B ,SC ,2,15,3.7,3.7,Y ,,,
8/30/2023,M ,K ,4,A ,LVTR1 ,8,15,2.1,0.5,N ,,,
8/30/2023,M ,K ,4,B ,IH ,6,2,10.8,4.3,Y ,,,
8/30/2023,M ,K ,5,A ,CP3 ,3,8,3.7,2.7,N ,,,
8/30/2023,M ,K ,5,B ,YO11 ,8,8,4.5,3.5,Y ,,,
8/30/2023,M ,K ,6,A ,SQ2 ,6,8,2.5,3.1,Y ,,,
8/30/2023,M ,K ,6,B ,CC ,3,2,9.7,4.3,N ,,,
8/30/2023,M ,K ,7,A ,DPR ,6,1,6.5,1.8,Y ,,,
8/30/2023,M ,K ,7,B ,WL2 ,2,8,3.4,4,Y ,,,
8/30/2023,M ,K ,8,A ,WL1 ,7,4,5,4,Y ,,,
8/30/2023,M ,K ,8,B ,FR ,5,11,5.4,2.2,Y ,,,
8/30/2023,M ,K ,9,A ,YO11 ,4,3,,,,,,
8/30/2023,M ,K ,9,B ,TM2 ,1,1,14.7,0.5,N ,,,
8/30/2023,M ,K ,10,A ,YO7 ,1,2,3.2,3.4,N ,,,
8/30/2023,M ,K ,10,B ,CP3 ,6,8,2.3,2.8,Y ,,,
8/30/2023,M ,K ,11,A ,YO8 ,4,2,1.9,1.9,Y ,,,
8/30/2023,M ,K ,11,B ,SQ2 ,6,26,,,,,,
8/30/2023,M ,K ,12,A ,YO11 ,5,8,3.7,3.4,N ,,,
8/30/2023,M ,K ,12,B ,CC ,5,2,6.4,2.2,Y ,,,
8/30/2023,M ,K ,13,A ,CC ,1,2,9.3,4,N ,,new location CC 1-2 ,
8/30/2023,M ,K ,13,B ,BH* ,buffer ,buffer ,,,,,,
8/30/2023,M ,K ,14,A ,BH* ,buffer ,buffer ,,,,,,
8/30/2023,M ,K ,14,B ,NA ,NA ,NA ,,,,,no hole/not planted ,
8/30/2023,M ,K ,1,C ,NA ,NA ,NA ,,,,,no hole/not planted ,
8/30/2023,M ,K ,1,D ,NA ,NA ,NA ,,,,,no hole/not planted ,
8/30/2023,M ,K ,2,C ,YO7 ,5,13,2,2.1,N ,,germ after DNA coll ,
8/30/2023,M ,K ,2,D ,LV1* ,A buffe** ,buffer ,,,,,,
8/30/2023,M ,K ,3,C ,IH ,7,2,7.6,4.8,N ,,,
8/30/2023,M ,K ,3,D ,DPR ,8,11,,,,Dead ,,
8/30/2023,M ,K ,4,C ,SQ3 ,4,3,2.2,4.6,Y ,,,
8/30/2023,M ,K ,4,D ,CC ,9,2,,,,Dead ,,
8/30/2023,M ,K ,5,C ,CC ,1,2,,,,no plant/tag? Dead,,
8/30/2023,M ,K ,5,D ,YO4 ,2,3,,,,Dead ,,
8/30/2023,M ,K ,6,C ,LVTR1 ,5,3,,,,Dead ,,
8/30/2023,M ,K ,6,D ,YO4 ,4,2,4.7,3.5,Y,,,
8/30/2023,M ,K ,7,C ,SC ,6,2,4.9,3.3,N ,,,
8/30/2023,M ,K ,7,D ,YO11 ,6,15,,,,Dead ,,
8/30/2023,M ,K ,8,C ,IH ,1,2,12.8,6,Y ,,,
8/30/2023,M ,K ,8,D ,BH ,3,2,,,,Dead ,,
8/30/2023,M ,K ,9,C ,SC ,4,2,2,3,Y ,,,
8/30/2023,M ,K ,9,D ,YO8 ,3,11,3.2,3.1,Y ,,,
8/30/2023,M ,K ,10,C ,CP2 ,2,13,0.8,2.9,Y ,,,
8/30/2023,M ,K ,10,D ,WL2 ,7,8,3.7,2.9,Y ,,,
8/30/2023,M ,K ,11,C ,SQ1 ,2,9,2.3,3.1,N ,,,
8/30/2023,M ,K ,11,D ,TM2 ,7,22,,,,Dead,,
8/30/2023,M ,K ,12,C ,LV3 ,5,11,,,,Dead,,
8/30/2023,M ,K ,12,D ,TM2 ,6,12,17.3,0.6,N ,,,
8/30/2023,M ,K ,13,C ,CP3 ,3,14,3.4,3.1,Y ,,,
8/30/2023,M ,K ,13,D ,BH* ,buffer ,buffer ,,,,,,
8/30/2023,M ,K ,14,C ,NA ,NA ,NA ,,,,,no hole/not planted ,
8/30/2023,M ,K ,14,D ,NA ,NA ,NA ,,,,,end of bed ,
